Unnamed: 0,elapsed,batch_size,num_nodes,edge_prob,repeats,model_name,embed_dim,num_heads,dropout,results_path
0,0.0017576217651367,1,100,0.05,100,ET,64,2,0.0,./
0,0.0016713142395019,1,100,0.05,100,ET,64,2,0.0,./
0,0.0016508102416992,1,100,0.05,100,ET,64,2,0.0,./
0,0.0016398429870605,1,100,0.05,100,ET,64,2,0.0,./
0,0.0016384124755859,1,100,0.05,100,ET,64,2,0.0,./
0,0.0016469955444335,1,100,0.05,100,ET,64,2,0.0,./
0,0.0016398429870605,1,100,0.05,100,ET,64,2,0.0,./
0,0.0016329288482666,1,100,0.05,100,ET,64,2,0.0,./
0,0.0016384124755859,1,100,0.05,100,ET,64,2,0.0,./
0,0.0016398429870605,1,100,0.05,100,ET,64,2,0.0,./
0,0.001641035079956,1,100,0.05,100,ET,64,2,0.0,./
0,0.0016367435455322,1,100,0.05,100,ET,64,2,0.0,./
0,0.0016391277313232,1,100,0.05,100,ET,64,2,0.0,./
0,0.0016345977783203,1,100,0.05,100,ET,64,2,0.0,./
0,0.001636266708374,1,100,0.05,100,ET,64,2,0.0,./
0,0.0016367435455322,1,100,0.05,100,ET,64,2,0.0,./
0,0.0016412734985351,1,100,0.05,100,ET,64,2,0.0,./
0,0.0016441345214843,1,100,0.05,100,ET,64,2,0.0,./
0,0.001638650894165,1,100,0.05,100,ET,64,2,0.0,./
0,0.0016326904296875,1,100,0.05,100,ET,64,2,0.0,./
0,0.0016350746154785,1,100,0.05,100,ET,64,2,0.0,./
0,0.0016405582427978,1,100,0.05,100,ET,64,2,0.0,./
0,0.0016341209411621,1,100,0.05,100,ET,64,2,0.0,./
0,0.001636266708374,1,100,0.05,100,ET,64,2,0.0,./
0,0.001631736755371,1,100,0.05,100,ET,64,2,0.0,./
0,0.001638650894165,1,100,0.05,100,ET,64,2,0.0,./
0,0.0016431808471679,1,100,0.05,100,ET,64,2,0.0,./
0,0.001659870147705,1,100,0.05,100,ET,64,2,0.0,./
0,0.0016496181488037,1,100,0.05,100,ET,64,2,0.0,./
0,0.0016329288482666,1,100,0.05,100,ET,64,2,0.0,./
0,0.0016345977783203,1,100,0.05,100,ET,64,2,0.0,./
0,0.0016376972198486,1,100,0.05,100,ET,64,2,0.0,./
0,0.0016448497772216,1,100,0.05,100,ET,64,2,0.0,./
0,0.0016393661499023,1,100,0.05,100,ET,64,2,0.0,./
0,0.0016326904296875,1,100,0.05,100,ET,64,2,0.0,./
0,0.0016348361968994,1,100,0.05,100,ET,64,2,0.0,./
0,0.0016384124755859,1,100,0.05,100,ET,64,2,0.0,./
0,0.0016407966613769,1,100,0.05,100,ET,64,2,0.0,./
0,0.001643419265747,1,100,0.05,100,ET,64,2,0.0,./
0,0.0016455650329589,1,100,0.05,100,ET,64,2,0.0,./
0,0.0025355815887451,1,100,0.05,100,ET,64,2,0.0,./
0,0.0016565322875976,1,100,0.05,100,ET,64,2,0.0,./
0,0.0016331672668457,1,100,0.05,100,ET,64,2,0.0,./
0,0.001636266708374,1,100,0.05,100,ET,64,2,0.0,./
0,0.0016357898712158,1,100,0.05,100,ET,64,2,0.0,./
0,0.0016384124755859,1,100,0.05,100,ET,64,2,0.0,./
0,0.0016381740570068,1,100,0.05,100,ET,64,2,0.0,./
0,0.0016343593597412,1,100,0.05,100,ET,64,2,0.0,./
0,0.001636266708374,1,100,0.05,100,ET,64,2,0.0,./
0,0.0016360282897949,1,100,0.05,100,ET,64,2,0.0,./
0,0.0016391277313232,1,100,0.05,100,ET,64,2,0.0,./
0,0.0016417503356933,1,100,0.05,100,ET,64,2,0.0,./
0,0.0016400814056396,1,100,0.05,100,ET,64,2,0.0,./
0,0.0016393661499023,1,100,0.05,100,ET,64,2,0.0,./
0,0.001636266708374,1,100,0.05,100,ET,64,2,0.0,./
0,0.0016374588012695,1,100,0.05,100,ET,64,2,0.0,./
0,0.0016348361968994,1,100,0.05,100,ET,64,2,0.0,./
0,0.0016374588012695,1,100,0.05,100,ET,64,2,0.0,./
0,0.0016307830810546,1,100,0.05,100,ET,64,2,0.0,./
0,0.0016391277313232,1,100,0.05,100,ET,64,2,0.0,./
0,0.0016314983367919,1,100,0.05,100,ET,64,2,0.0,./
0,0.0016417503356933,1,100,0.05,100,ET,64,2,0.0,./
0,0.0016374588012695,1,100,0.05,100,ET,64,2,0.0,./
0,0.001636266708374,1,100,0.05,100,ET,64,2,0.0,./
0,0.0016300678253173,1,100,0.05,100,ET,64,2,0.0,./
0,0.0016381740570068,1,100,0.05,100,ET,64,2,0.0,./
0,0.0016474723815917,1,100,0.05,100,ET,64,2,0.0,./
0,0.0016539096832275,1,100,0.05,100,ET,64,2,0.0,./
0,0.0016520023345947,1,100,0.05,100,ET,64,2,0.0,./
0,0.0016341209411621,1,100,0.05,100,ET,64,2,0.0,./
0,0.0016412734985351,1,100,0.05,100,ET,64,2,0.0,./
0,0.0016365051269531,1,100,0.05,100,ET,64,2,0.0,./
0,0.001641035079956,1,100,0.05,100,ET,64,2,0.0,./
0,0.0016448497772216,1,100,0.05,100,ET,64,2,0.0,./
0,0.0016365051269531,1,100,0.05,100,ET,64,2,0.0,./
0,0.0016412734985351,1,100,0.05,100,ET,64,2,0.0,./
0,0.0016334056854248,1,100,0.05,100,ET,64,2,0.0,./
0,0.0016384124755859,1,100,0.05,100,ET,64,2,0.0,./
0,0.0016336441040039,1,100,0.05,100,ET,64,2,0.0,./
0,0.0016319751739501,1,100,0.05,100,ET,64,2,0.0,./
0,0.0016367435455322,1,100,0.05,100,ET,64,2,0.0,./
0,0.0016412734985351,1,100,0.05,100,ET,64,2,0.0,./
0,0.0016365051269531,1,100,0.05,100,ET,64,2,0.0,./
0,0.0016443729400634,1,100,0.05,100,ET,64,2,0.0,./
0,0.0016467571258544,1,100,0.05,100,ET,64,2,0.0,./
0,0.0016357898712158,1,100,0.05,100,ET,64,2,0.0,./
0,0.0016419887542724,1,100,0.05,100,ET,64,2,0.0,./
0,0.0016310214996337,1,100,0.05,100,ET,64,2,0.0,./
0,0.0016345977783203,1,100,0.05,100,ET,64,2,0.0,./
0,0.0016400814056396,1,100,0.05,100,ET,64,2,0.0,./
0,0.0016355514526367,1,100,0.05,100,ET,64,2,0.0,./
0,0.0016381740570068,1,100,0.05,100,ET,64,2,0.0,./
0,0.0016326904296875,1,100,0.05,100,ET,64,2,0.0,./
0,0.0016360282897949,1,100,0.05,100,ET,64,2,0.0,./
0,0.0016407966613769,1,100,0.05,100,ET,64,2,0.0,./
0,0.0016322135925292,1,100,0.05,100,ET,64,2,0.0,./
0,0.0016412734985351,1,100,0.05,100,ET,64,2,0.0,./
0,0.00162935256958,1,100,0.05,100,ET,64,2,0.0,./
0,0.0016345977783203,1,100,0.05,100,ET,64,2,0.0,./
0,0.0016374588012695,1,100,0.05,100,ET,64,2,0.0,./
0,0.0075454711914062,1,200,0.05,100,ET,64,2,0.0,./
0,0.0074667930603027,1,200,0.05,100,ET,64,2,0.0,./
0,0.0074489116668701,1,200,0.05,100,ET,64,2,0.0,./
0,0.0074434280395507,1,200,0.05,100,ET,64,2,0.0,./
0,0.0074410438537597,1,200,0.05,100,ET,64,2,0.0,./
0,0.0074172019958496,1,200,0.05,100,ET,64,2,0.0,./
0,0.0074095726013183,1,200,0.05,100,ET,64,2,0.0,./
0,0.0074100494384765,1,200,0.05,100,ET,64,2,0.0,./
0,0.0073966979980468,1,200,0.05,100,ET,64,2,0.0,./
0,0.0073990821838378,1,200,0.05,100,ET,64,2,0.0,./
0,0.0074048042297363,1,200,0.05,100,ET,64,2,0.0,./
0,0.0074105262756347,1,200,0.05,100,ET,64,2,0.0,./
0,0.0074031352996826,1,200,0.05,100,ET,64,2,0.0,./
0,0.0073904991149902,1,200,0.05,100,ET,64,2,0.0,./
0,0.0073847770690917,1,200,0.05,100,ET,64,2,0.0,./
0,0.0074036121368408,1,200,0.05,100,ET,64,2,0.0,./
0,0.0073969364166259,1,200,0.05,100,ET,64,2,0.0,./
0,0.0074009895324707,1,200,0.05,100,ET,64,2,0.0,./
0,0.0073895454406738,1,200,0.05,100,ET,64,2,0.0,./
0,0.0074086189270019,1,200,0.05,100,ET,64,2,0.0,./
0,0.0073881149291992,1,200,0.05,100,ET,64,2,0.0,./
0,0.0073938369750976,1,200,0.05,100,ET,64,2,0.0,./
0,0.0073912143707275,1,200,0.05,100,ET,64,2,0.0,./
0,0.0073976516723632,1,200,0.05,100,ET,64,2,0.0,./
0,0.0073974132537841,1,200,0.05,100,ET,64,2,0.0,./
0,0.0073921680450439,1,200,0.05,100,ET,64,2,0.0,./
0,0.0073933601379394,1,200,0.05,100,ET,64,2,0.0,./
0,0.0073873996734619,1,200,0.05,100,ET,64,2,0.0,./
0,0.0073945522308349,1,200,0.05,100,ET,64,2,0.0,./
0,0.0073890686035156,1,200,0.05,100,ET,64,2,0.0,./
0,0.0073885917663574,1,200,0.05,100,ET,64,2,0.0,./
0,0.0074121952056884,1,200,0.05,100,ET,64,2,0.0,./
0,0.0074021816253662,1,200,0.05,100,ET,64,2,0.0,./
0,0.00738525390625,1,200,0.05,100,ET,64,2,0.0,./
0,0.0073943138122558,1,200,0.05,100,ET,64,2,0.0,./
0,0.0074009895324707,1,200,0.05,100,ET,64,2,0.0,./
0,0.0073993206024169,1,200,0.05,100,ET,64,2,0.0,./
0,0.0073890686035156,1,200,0.05,100,ET,64,2,0.0,./
0,0.0093119144439697,1,200,0.05,100,ET,64,2,0.0,./
0,0.0074002742767333,1,200,0.05,100,ET,64,2,0.0,./
0,0.0073919296264648,1,200,0.05,100,ET,64,2,0.0,./
0,0.0073904991149902,1,200,0.05,100,ET,64,2,0.0,./
0,0.0074048042297363,1,200,0.05,100,ET,64,2,0.0,./
0,0.0073926448822021,1,200,0.05,100,ET,64,2,0.0,./
0,0.0073955059051513,1,200,0.05,100,ET,64,2,0.0,./
0,0.0074043273925781,1,200,0.05,100,ET,64,2,0.0,./
0,0.0074000358581542,1,200,0.05,100,ET,64,2,0.0,./
0,0.0073866844177246,1,200,0.05,100,ET,64,2,0.0,./
0,0.0073966979980468,1,200,0.05,100,ET,64,2,0.0,./
0,0.0073964595794677,1,200,0.05,100,ET,64,2,0.0,./
0,0.007392406463623,1,200,0.05,100,ET,64,2,0.0,./
0,0.0073955059051513,1,200,0.05,100,ET,64,2,0.0,./
0,0.0073859691619873,1,200,0.05,100,ET,64,2,0.0,./
0,0.0073890686035156,1,200,0.05,100,ET,64,2,0.0,./
0,0.0073969364166259,1,200,0.05,100,ET,64,2,0.0,./
0,0.0073926448822021,1,200,0.05,100,ET,64,2,0.0,./
0,0.0074551105499267,1,200,0.05,100,ET,64,2,0.0,./
0,0.0074496269226074,1,200,0.05,100,ET,64,2,0.0,./
0,0.0074081420898437,1,200,0.05,100,ET,64,2,0.0,./
0,0.0074200630187988,1,200,0.05,100,ET,64,2,0.0,./
0,0.0073859691619873,1,200,0.05,100,ET,64,2,0.0,./
0,0.0073916912078857,1,200,0.05,100,ET,64,2,0.0,./
0,0.0073847770690917,1,200,0.05,100,ET,64,2,0.0,./
0,0.0073883533477783,1,200,0.05,100,ET,64,2,0.0,./
0,0.0073890686035156,1,200,0.05,100,ET,64,2,0.0,./
0,0.0073866844177246,1,200,0.05,100,ET,64,2,0.0,./
0,0.0074696540832519,1,200,0.05,100,ET,64,2,0.0,./
0,0.0074355602264404,1,200,0.05,100,ET,64,2,0.0,./
0,0.0074257850646972,1,200,0.05,100,ET,64,2,0.0,./
0,0.0074734687805175,1,200,0.05,100,ET,64,2,0.0,./
0,0.0074472427368164,1,200,0.05,100,ET,64,2,0.0,./
0,0.0074653625488281,1,200,0.05,100,ET,64,2,0.0,./
0,0.0074687004089355,1,200,0.05,100,ET,64,2,0.0,./
0,0.0074696540832519,1,200,0.05,100,ET,64,2,0.0,./
0,0.0074574947357177,1,200,0.05,100,ET,64,2,0.0,./
0,0.0075163841247558,1,200,0.05,100,ET,64,2,0.0,./
0,0.0074727535247802,1,200,0.05,100,ET,64,2,0.0,./
0,0.0074841976165771,1,200,0.05,100,ET,64,2,0.0,./
0,0.0074851512908935,1,200,0.05,100,ET,64,2,0.0,./
0,0.0074741840362548,1,200,0.05,100,ET,64,2,0.0,./
0,0.0074765682220458,1,200,0.05,100,ET,64,2,0.0,./
0,0.0074653625488281,1,200,0.05,100,ET,64,2,0.0,./
0,0.0075032711029052,1,200,0.05,100,ET,64,2,0.0,./
0,0.0074725151062011,1,200,0.05,100,ET,64,2,0.0,./
0,0.0074834823608398,1,200,0.05,100,ET,64,2,0.0,./
0,0.0074703693389892,1,200,0.05,100,ET,64,2,0.0,./
0,0.0074646472930908,1,200,0.05,100,ET,64,2,0.0,./
0,0.0074677467346191,1,200,0.05,100,ET,64,2,0.0,./
0,0.0074820518493652,1,200,0.05,100,ET,64,2,0.0,./
0,0.0074989795684814,1,200,0.05,100,ET,64,2,0.0,./
0,0.0074732303619384,1,200,0.05,100,ET,64,2,0.0,./
0,0.0074801445007324,1,200,0.05,100,ET,64,2,0.0,./
0,0.0074806213378906,1,200,0.05,100,ET,64,2,0.0,./
0,0.007491111755371,1,200,0.05,100,ET,64,2,0.0,./
0,0.00748872756958,1,200,0.05,100,ET,64,2,0.0,./
0,0.0074925422668457,1,200,0.05,100,ET,64,2,0.0,./
0,0.0074756145477294,1,200,0.05,100,ET,64,2,0.0,./
0,0.0074937343597412,1,200,0.05,100,ET,64,2,0.0,./
0,0.0074594020843505,1,200,0.05,100,ET,64,2,0.0,./
0,0.0074305534362792,1,200,0.05,100,ET,64,2,0.0,./
0,0.0013439655303955,1,100,0.05,100,ET (+Triton),64,2,0.0,./
0,0.0011043548583984,1,100,0.05,100,ET (+Triton),64,2,0.0,./
0,0.0010490417480468,1,100,0.05,100,ET (+Triton),64,2,0.0,./
0,0.0010414123535156,1,100,0.05,100,ET (+Triton),64,2,0.0,./
0,0.0010087490081787,1,100,0.05,100,ET (+Triton),64,2,0.0,./
0,0.0010211467742919,1,100,0.05,100,ET (+Triton),64,2,0.0,./
0,0.0010139942169189,1,100,0.05,100,ET (+Triton),64,2,0.0,./
0,0.0010125637054443,1,100,0.05,100,ET (+Triton),64,2,0.0,./
0,0.0010292530059814,1,100,0.05,100,ET (+Triton),64,2,0.0,./
0,0.0010125637054443,1,100,0.05,100,ET (+Triton),64,2,0.0,./
0,0.0010185241699218,1,100,0.05,100,ET (+Triton),64,2,0.0,./
0,0.0010099411010742,1,100,0.05,100,ET (+Triton),64,2,0.0,./
0,0.0010201930999755,1,100,0.05,100,ET (+Triton),64,2,0.0,./
0,0.0010161399841308,1,100,0.05,100,ET (+Triton),64,2,0.0,./
0,0.0010120868682861,1,100,0.05,100,ET (+Triton),64,2,0.0,./
0,0.0010163784027099,1,100,0.05,100,ET (+Triton),64,2,0.0,./
0,0.0010199546813964,1,100,0.05,100,ET (+Triton),64,2,0.0,./
0,0.0010161399841308,1,100,0.05,100,ET (+Triton),64,2,0.0,./
0,0.0010175704956054,1,100,0.05,100,ET (+Triton),64,2,0.0,./
0,0.0010185241699218,1,100,0.05,100,ET (+Triton),64,2,0.0,./
0,0.0010197162628173,1,100,0.05,100,ET (+Triton),64,2,0.0,./
0,0.0010199546813964,1,100,0.05,100,ET (+Triton),64,2,0.0,./
0,0.0010261535644531,1,100,0.05,100,ET (+Triton),64,2,0.0,./
0,0.0010185241699218,1,100,0.05,100,ET (+Triton),64,2,0.0,./
0,0.0010199546813964,1,100,0.05,100,ET (+Triton),64,2,0.0,./
0,0.0010211467742919,1,100,0.05,100,ET (+Triton),64,2,0.0,./
0,0.001030683517456,1,100,0.05,100,ET (+Triton),64,2,0.0,./
0,0.0010116100311279,1,100,0.05,100,ET (+Triton),64,2,0.0,./
0,0.0010149478912353,1,100,0.05,100,ET (+Triton),64,2,0.0,./
0,0.0010278224945068,1,100,0.05,100,ET (+Triton),64,2,0.0,./
0,0.0010182857513427,1,100,0.05,100,ET (+Triton),64,2,0.0,./
0,0.0010263919830322,1,100,0.05,100,ET (+Triton),64,2,0.0,./
0,0.0010221004486083,1,100,0.05,100,ET (+Triton),64,2,0.0,./
0,0.0010209083557128,1,100,0.05,100,ET (+Triton),64,2,0.0,./
0,0.0010173320770263,1,100,0.05,100,ET (+Triton),64,2,0.0,./
0,0.0010135173797607,1,100,0.05,100,ET (+Triton),64,2,0.0,./
0,0.0010261535644531,1,100,0.05,100,ET (+Triton),64,2,0.0,./
0,0.0010192394256591,1,100,0.05,100,ET (+Triton),64,2,0.0,./
0,0.0010223388671875,1,100,0.05,100,ET (+Triton),64,2,0.0,./
0,0.0010197162628173,1,100,0.05,100,ET (+Triton),64,2,0.0,./
0,0.0010187625885009,1,100,0.05,100,ET (+Triton),64,2,0.0,./
0,0.0010294914245605,1,100,0.05,100,ET (+Triton),64,2,0.0,./
0,0.001016616821289,1,100,0.05,100,ET (+Triton),64,2,0.0,./
0,0.0010221004486083,1,100,0.05,100,ET (+Triton),64,2,0.0,./
0,0.0010151863098144,1,100,0.05,100,ET (+Triton),64,2,0.0,./
0,0.0010197162628173,1,100,0.05,100,ET (+Triton),64,2,0.0,./
0,0.0010185241699218,1,100,0.05,100,ET (+Triton),64,2,0.0,./
0,0.0010170936584472,1,100,0.05,100,ET (+Triton),64,2,0.0,./
0,0.0010185241699218,1,100,0.05,100,ET (+Triton),64,2,0.0,./
0,0.001016616821289,1,100,0.05,100,ET (+Triton),64,2,0.0,./
0,0.001025915145874,1,100,0.05,100,ET (+Triton),64,2,0.0,./
0,0.001014232635498,1,100,0.05,100,ET (+Triton),64,2,0.0,./
0,0.0010230541229248,1,100,0.05,100,ET (+Triton),64,2,0.0,./
0,0.0010249614715576,1,100,0.05,100,ET (+Triton),64,2,0.0,./
0,0.0010261535644531,1,100,0.05,100,ET (+Triton),64,2,0.0,./
0,0.00101900100708,1,100,0.05,100,ET (+Triton),64,2,0.0,./
0,0.0010161399841308,1,100,0.05,100,ET (+Triton),64,2,0.0,./
0,0.0010211467742919,1,100,0.05,100,ET (+Triton),64,2,0.0,./
0,0.0010154247283935,1,100,0.05,100,ET (+Triton),64,2,0.0,./
0,0.0010240077972412,1,100,0.05,100,ET (+Triton),64,2,0.0,./
0,0.001023530960083,1,100,0.05,100,ET (+Triton),64,2,0.0,./
0,0.0010261535644531,1,100,0.05,100,ET (+Triton),64,2,0.0,./
0,0.0010304450988769,1,100,0.05,100,ET (+Triton),64,2,0.0,./
0,0.0010251998901367,1,100,0.05,100,ET (+Triton),64,2,0.0,./
0,0.0010344982147216,1,100,0.05,100,ET (+Triton),64,2,0.0,./
0,0.0010309219360351,1,100,0.05,100,ET (+Triton),64,2,0.0,./
0,0.0010321140289306,1,100,0.05,100,ET (+Triton),64,2,0.0,./
0,0.0010185241699218,1,100,0.05,100,ET (+Triton),64,2,0.0,./
0,0.0010392665863037,1,100,0.05,100,ET (+Triton),64,2,0.0,./
0,0.0010204315185546,1,100,0.05,100,ET (+Triton),64,2,0.0,./
0,0.0010311603546142,1,100,0.05,100,ET (+Triton),64,2,0.0,./
0,0.0010187625885009,1,100,0.05,100,ET (+Triton),64,2,0.0,./
0,0.0010290145874023,1,100,0.05,100,ET (+Triton),64,2,0.0,./
0,0.0010132789611816,1,100,0.05,100,ET (+Triton),64,2,0.0,./
0,0.0010151863098144,1,100,0.05,100,ET (+Triton),64,2,0.0,./
0,0.0010278224945068,1,100,0.05,100,ET (+Triton),64,2,0.0,./
0,0.0010223388671875,1,100,0.05,100,ET (+Triton),64,2,0.0,./
0,0.0010228157043457,1,100,0.05,100,ET (+Triton),64,2,0.0,./
0,0.0010137557983398,1,100,0.05,100,ET (+Triton),64,2,0.0,./
0,0.0010185241699218,1,100,0.05,100,ET (+Triton),64,2,0.0,./
0,0.0010294914245605,1,100,0.05,100,ET (+Triton),64,2,0.0,./
0,0.0010311603546142,1,100,0.05,100,ET (+Triton),64,2,0.0,./
0,0.001030683517456,1,100,0.05,100,ET (+Triton),64,2,0.0,./
0,0.0010192394256591,1,100,0.05,100,ET (+Triton),64,2,0.0,./
0,0.0010266304016113,1,100,0.05,100,ET (+Triton),64,2,0.0,./
0,0.0010602474212646,1,100,0.05,100,ET (+Triton),64,2,0.0,./
0,0.0010514259338378,1,100,0.05,100,ET (+Triton),64,2,0.0,./
0,0.0010526180267333,1,100,0.05,100,ET (+Triton),64,2,0.0,./
0,0.0010566711425781,1,100,0.05,100,ET (+Triton),64,2,0.0,./
0,0.0010077953338623,1,100,0.05,100,ET (+Triton),64,2,0.0,./
0,0.0010178089141845,1,100,0.05,100,ET (+Triton),64,2,0.0,./
0,0.001009464263916,1,100,0.05,100,ET (+Triton),64,2,0.0,./
0,0.0010249614715576,1,100,0.05,100,ET (+Triton),64,2,0.0,./
0,0.0010097026824951,1,100,0.05,100,ET (+Triton),64,2,0.0,./
0,0.0010206699371337,1,100,0.05,100,ET (+Triton),64,2,0.0,./
0,0.0010175704956054,1,100,0.05,100,ET (+Triton),64,2,0.0,./
0,0.001028299331665,1,100,0.05,100,ET (+Triton),64,2,0.0,./
0,0.0010144710540771,1,100,0.05,100,ET (+Triton),64,2,0.0,./
0,0.0010082721710205,1,100,0.05,100,ET (+Triton),64,2,0.0,./
0,0.0010163784027099,1,100,0.05,100,ET (+Triton),64,2,0.0,./
0,0.0224943161010742,1,300,0.05,100,ET,64,2,0.0,./
0,0.0224862098693847,1,300,0.05,100,ET,64,2,0.0,./
0,0.0224649906158447,1,300,0.05,100,ET,64,2,0.0,./
0,0.0224628448486328,1,300,0.05,100,ET,64,2,0.0,./
0,0.022472858428955,1,300,0.05,100,ET,64,2,0.0,./
0,0.0224201679229736,1,300,0.05,100,ET,64,2,0.0,./
0,0.0224001407623291,1,300,0.05,100,ET,64,2,0.0,./
0,0.0224044322967529,1,300,0.05,100,ET,64,2,0.0,./
0,0.0224697589874267,1,300,0.05,100,ET,64,2,0.0,./
0,0.0224740505218505,1,300,0.05,100,ET,64,2,0.0,./
0,0.0224857330322265,1,300,0.05,100,ET,64,2,0.0,./
0,0.0224995613098144,1,300,0.05,100,ET,64,2,0.0,./
0,0.0225155353546142,1,300,0.05,100,ET,64,2,0.0,./
0,0.0225825309753417,1,300,0.05,100,ET,64,2,0.0,./
0,0.0225067138671875,1,300,0.05,100,ET,64,2,0.0,./
0,0.0225195884704589,1,300,0.05,100,ET,64,2,0.0,./
0,0.0225119590759277,1,300,0.05,100,ET,64,2,0.0,./
0,0.0225124359130859,1,300,0.05,100,ET,64,2,0.0,./
0,0.0225248336791992,1,300,0.05,100,ET,64,2,0.0,./
0,0.0225141048431396,1,300,0.05,100,ET,64,2,0.0,./
0,0.0226824283599853,1,300,0.05,100,ET,64,2,0.0,./
0,0.022517442703247,1,300,0.05,100,ET,64,2,0.0,./
0,0.0224995613098144,1,300,0.05,100,ET,64,2,0.0,./
0,0.0225005149841308,1,300,0.05,100,ET,64,2,0.0,./
0,0.0225152969360351,1,300,0.05,100,ET,64,2,0.0,./
0,0.0225288867950439,1,300,0.05,100,ET,64,2,0.0,./
0,0.0225176811218261,1,300,0.05,100,ET,64,2,0.0,./
0,0.0225162506103515,1,300,0.05,100,ET,64,2,0.0,./
0,0.0225522518157959,1,300,0.05,100,ET,64,2,0.0,./
0,0.0225353240966796,1,300,0.05,100,ET,64,2,0.0,./
0,0.0225143432617187,1,300,0.05,100,ET,64,2,0.0,./
0,0.0224967002868652,1,300,0.05,100,ET,64,2,0.0,./
0,0.0225391387939453,1,300,0.05,100,ET,64,2,0.0,./
0,0.0225129127502441,1,300,0.05,100,ET,64,2,0.0,./
0,0.0224909782409667,1,300,0.05,100,ET,64,2,0.0,./
0,0.0225036144256591,1,300,0.05,100,ET,64,2,0.0,./
0,0.0225100517272949,1,300,0.05,100,ET,64,2,0.0,./
0,0.0224912166595459,1,300,0.05,100,ET,64,2,0.0,./
0,0.0225205421447753,1,300,0.05,100,ET,64,2,0.0,./
0,0.0225439071655273,1,300,0.05,100,ET,64,2,0.0,./
0,0.0225160121917724,1,300,0.05,100,ET,64,2,0.0,./
0,0.0225181579589843,1,300,0.05,100,ET,64,2,0.0,./
0,0.0225226879119873,1,300,0.05,100,ET,64,2,0.0,./
0,0.0224974155426025,1,300,0.05,100,ET,64,2,0.0,./
0,0.0225307941436767,1,300,0.05,100,ET,64,2,0.0,./
0,0.0224952697753906,1,300,0.05,100,ET,64,2,0.0,./
0,0.0225052833557128,1,300,0.05,100,ET,64,2,0.0,./
0,0.0225088596343994,1,300,0.05,100,ET,64,2,0.0,./
0,0.0225076675415039,1,300,0.05,100,ET,64,2,0.0,./
0,0.0225231647491455,1,300,0.05,100,ET,64,2,0.0,./
0,0.0225400924682617,1,300,0.05,100,ET,64,2,0.0,./
0,0.0225510597229003,1,300,0.05,100,ET,64,2,0.0,./
0,0.0225706100463867,1,300,0.05,100,ET,64,2,0.0,./
0,0.0225405693054199,1,300,0.05,100,ET,64,2,0.0,./
0,0.0225694179534912,1,300,0.05,100,ET,64,2,0.0,./
0,0.0225446224212646,1,300,0.05,100,ET,64,2,0.0,./
0,0.022526741027832,1,300,0.05,100,ET,64,2,0.0,./
0,0.0225381851196289,1,300,0.05,100,ET,64,2,0.0,./
0,0.0225439071655273,1,300,0.05,100,ET,64,2,0.0,./
0,0.0225598812103271,1,300,0.05,100,ET,64,2,0.0,./
0,0.0225124359130859,1,300,0.05,100,ET,64,2,0.0,./
0,0.0225493907928466,1,300,0.05,100,ET,64,2,0.0,./
0,0.0225286483764648,1,300,0.05,100,ET,64,2,0.0,./
0,0.0225214958190917,1,300,0.05,100,ET,64,2,0.0,./
0,0.0225617885589599,1,300,0.05,100,ET,64,2,0.0,./
0,0.0225501060485839,1,300,0.05,100,ET,64,2,0.0,./
0,0.0225231647491455,1,300,0.05,100,ET,64,2,0.0,./
0,0.0225336551666259,1,300,0.05,100,ET,64,2,0.0,./
0,0.0225117206573486,1,300,0.05,100,ET,64,2,0.0,./
0,0.0225226879119873,1,300,0.05,100,ET,64,2,0.0,./
0,0.0225400924682617,1,300,0.05,100,ET,64,2,0.0,./
0,0.0225024223327636,1,300,0.05,100,ET,64,2,0.0,./
0,0.0224952697753906,1,300,0.05,100,ET,64,2,0.0,./
0,0.0224778652191162,1,300,0.05,100,ET,64,2,0.0,./
0,0.0225052833557128,1,300,0.05,100,ET,64,2,0.0,./
0,0.0224745273590087,1,300,0.05,100,ET,64,2,0.0,./
0,0.0224955081939697,1,300,0.05,100,ET,64,2,0.0,./
0,0.0224905014038085,1,300,0.05,100,ET,64,2,0.0,./
0,0.0225141048431396,1,300,0.05,100,ET,64,2,0.0,./
0,0.0224988460540771,1,300,0.05,100,ET,64,2,0.0,./
0,0.0225024223327636,1,300,0.05,100,ET,64,2,0.0,./
0,0.0225062370300292,1,300,0.05,100,ET,64,2,0.0,./
0,0.0225269794464111,1,300,0.05,100,ET,64,2,0.0,./
0,0.0225307941436767,1,300,0.05,100,ET,64,2,0.0,./
0,0.0224981307983398,1,300,0.05,100,ET,64,2,0.0,./
0,0.0224969387054443,1,300,0.05,100,ET,64,2,0.0,./
0,0.0224983692169189,1,300,0.05,100,ET,64,2,0.0,./
0,0.0224924087524414,1,300,0.05,100,ET,64,2,0.0,./
0,0.0224950313568115,1,300,0.05,100,ET,64,2,0.0,./
0,0.0225019454956054,1,300,0.05,100,ET,64,2,0.0,./
0,0.0224833488464355,1,300,0.05,100,ET,64,2,0.0,./
0,0.0224795341491699,1,300,0.05,100,ET,64,2,0.0,./
0,0.0224826335906982,1,300,0.05,100,ET,64,2,0.0,./
0,0.0224995613098144,1,300,0.05,100,ET,64,2,0.0,./
0,0.0225274562835693,1,300,0.05,100,ET,64,2,0.0,./
0,0.0225250720977783,1,300,0.05,100,ET,64,2,0.0,./
0,0.0224976539611816,1,300,0.05,100,ET,64,2,0.0,./
0,0.0224723815917968,1,300,0.05,100,ET,64,2,0.0,./
0,0.0225505828857421,1,300,0.05,100,ET,64,2,0.0,./
0,0.0225017070770263,1,300,0.05,100,ET,64,2,0.0,./
0,0.0030791759490966,1,200,0.05,100,ET (+Triton),64,2,0.0,./
0,0.0027060508728027,1,200,0.05,100,ET (+Triton),64,2,0.0,./
0,0.0026354789733886,1,200,0.05,100,ET (+Triton),64,2,0.0,./
0,0.0026938915252685,1,200,0.05,100,ET (+Triton),64,2,0.0,./
0,0.0026705265045166,1,200,0.05,100,ET (+Triton),64,2,0.0,./
0,0.002626895904541,1,200,0.05,100,ET (+Triton),64,2,0.0,./
0,0.0026087760925292,1,200,0.05,100,ET (+Triton),64,2,0.0,./
0,0.0025901794433593,1,200,0.05,100,ET (+Triton),64,2,0.0,./
0,0.0026037693023681,1,200,0.05,100,ET (+Triton),64,2,0.0,./
0,0.0026185512542724,1,200,0.05,100,ET (+Triton),64,2,0.0,./
0,0.002596378326416,1,200,0.05,100,ET (+Triton),64,2,0.0,./
0,0.0025990009307861,1,200,0.05,100,ET (+Triton),64,2,0.0,./
0,0.0025935173034667,1,200,0.05,100,ET (+Triton),64,2,0.0,./
0,0.0026025772094726,1,200,0.05,100,ET (+Triton),64,2,0.0,./
0,0.0025868415832519,1,200,0.05,100,ET (+Triton),64,2,0.0,./
0,0.0025944709777832,1,200,0.05,100,ET (+Triton),64,2,0.0,./
0,0.0025970935821533,1,200,0.05,100,ET (+Triton),64,2,0.0,./
0,0.0025851726531982,1,200,0.05,100,ET (+Triton),64,2,0.0,./
0,0.0025959014892578,1,200,0.05,100,ET (+Triton),64,2,0.0,./
0,0.0025968551635742,1,200,0.05,100,ET (+Triton),64,2,0.0,./
0,0.0026290416717529,1,200,0.05,100,ET (+Triton),64,2,0.0,./
0,0.002603530883789,1,200,0.05,100,ET (+Triton),64,2,0.0,./
0,0.0026144981384277,1,200,0.05,100,ET (+Triton),64,2,0.0,./
0,0.0026066303253173,1,200,0.05,100,ET (+Triton),64,2,0.0,./
0,0.0025916099548339,1,200,0.05,100,ET (+Triton),64,2,0.0,./
0,0.0026021003723144,1,200,0.05,100,ET (+Triton),64,2,0.0,./
0,0.0025980472564697,1,200,0.05,100,ET (+Triton),64,2,0.0,./
0,0.0025966167449951,1,200,0.05,100,ET (+Triton),64,2,0.0,./
0,0.0025851726531982,1,200,0.05,100,ET (+Triton),64,2,0.0,./
0,0.0026047229766845,1,200,0.05,100,ET (+Triton),64,2,0.0,./
0,0.0026159286499023,1,200,0.05,100,ET (+Triton),64,2,0.0,./
0,0.0026192665100097,1,200,0.05,100,ET (+Triton),64,2,0.0,./
0,0.0026037693023681,1,200,0.05,100,ET (+Triton),64,2,0.0,./
0,0.0025947093963623,1,200,0.05,100,ET (+Triton),64,2,0.0,./
0,0.0025992393493652,1,200,0.05,100,ET (+Triton),64,2,0.0,./
0,0.0025944709777832,1,200,0.05,100,ET (+Triton),64,2,0.0,./
0,0.0026013851165771,1,200,0.05,100,ET (+Triton),64,2,0.0,./
0,0.0025985240936279,1,200,0.05,100,ET (+Triton),64,2,0.0,./
0,0.0025885105133056,1,200,0.05,100,ET (+Triton),64,2,0.0,./
0,0.0025970935821533,1,200,0.05,100,ET (+Triton),64,2,0.0,./
0,0.0025978088378906,1,200,0.05,100,ET (+Triton),64,2,0.0,./
0,0.0026030540466308,1,200,0.05,100,ET (+Triton),64,2,0.0,./
0,0.0026013851165771,1,200,0.05,100,ET (+Triton),64,2,0.0,./
0,0.0025973320007324,1,200,0.05,100,ET (+Triton),64,2,0.0,./
0,0.0025908946990966,1,200,0.05,100,ET (+Triton),64,2,0.0,./
0,0.0025873184204101,1,200,0.05,100,ET (+Triton),64,2,0.0,./
0,0.0025875568389892,1,200,0.05,100,ET (+Triton),64,2,0.0,./
0,0.0025875568389892,1,200,0.05,100,ET (+Triton),64,2,0.0,./
0,0.0025959014892578,1,200,0.05,100,ET (+Triton),64,2,0.0,./
0,0.0025908946990966,1,200,0.05,100,ET (+Triton),64,2,0.0,./
0,0.0025849342346191,1,200,0.05,100,ET (+Triton),64,2,0.0,./
0,0.0025932788848876,1,200,0.05,100,ET (+Triton),64,2,0.0,./
0,0.0026218891143798,1,200,0.05,100,ET (+Triton),64,2,0.0,./
0,0.0026154518127441,1,200,0.05,100,ET (+Triton),64,2,0.0,./
0,0.0025913715362548,1,200,0.05,100,ET (+Triton),64,2,0.0,./
0,0.0025956630706787,1,200,0.05,100,ET (+Triton),64,2,0.0,./
0,0.0025861263275146,1,200,0.05,100,ET (+Triton),64,2,0.0,./
0,0.0025970935821533,1,200,0.05,100,ET (+Triton),64,2,0.0,./
0,0.0026021003723144,1,200,0.05,100,ET (+Triton),64,2,0.0,./
0,0.002603530883789,1,200,0.05,100,ET (+Triton),64,2,0.0,./
0,0.0025966167449951,1,200,0.05,100,ET (+Triton),64,2,0.0,./
0,0.0025920867919921,1,200,0.05,100,ET (+Triton),64,2,0.0,./
0,0.0026040077209472,1,200,0.05,100,ET (+Triton),64,2,0.0,./
0,0.0026211738586425,1,200,0.05,100,ET (+Triton),64,2,0.0,./
0,0.0025892257690429,1,200,0.05,100,ET (+Triton),64,2,0.0,./
0,0.0026221275329589,1,200,0.05,100,ET (+Triton),64,2,0.0,./
0,0.0025908946990966,1,200,0.05,100,ET (+Triton),64,2,0.0,./
0,0.0025999546051025,1,200,0.05,100,ET (+Triton),64,2,0.0,./
0,0.00258469581604,1,200,0.05,100,ET (+Triton),64,2,0.0,./
0,0.0025906562805175,1,200,0.05,100,ET (+Triton),64,2,0.0,./
0,0.0026085376739501,1,200,0.05,100,ET (+Triton),64,2,0.0,./
0,0.0026516914367675,1,200,0.05,100,ET (+Triton),64,2,0.0,./
0,0.0026404857635498,1,200,0.05,100,ET (+Triton),64,2,0.0,./
0,0.0026957988739013,1,200,0.05,100,ET (+Triton),64,2,0.0,./
0,0.0026788711547851,1,200,0.05,100,ET (+Triton),64,2,0.0,./
0,0.0026290416717529,1,200,0.05,100,ET (+Triton),64,2,0.0,./
0,0.0026030540466308,1,200,0.05,100,ET (+Triton),64,2,0.0,./
0,0.0025932788848876,1,200,0.05,100,ET (+Triton),64,2,0.0,./
0,0.0025935173034667,1,200,0.05,100,ET (+Triton),64,2,0.0,./
0,0.0025994777679443,1,200,0.05,100,ET (+Triton),64,2,0.0,./
0,0.0025923252105712,1,200,0.05,100,ET (+Triton),64,2,0.0,./
0,0.0025932788848876,1,200,0.05,100,ET (+Triton),64,2,0.0,./
0,0.002587080001831,1,200,0.05,100,ET (+Triton),64,2,0.0,./
0,0.0025889873504638,1,200,0.05,100,ET (+Triton),64,2,0.0,./
0,0.0026211738586425,1,200,0.05,100,ET (+Triton),64,2,0.0,./
0,0.002608299255371,1,200,0.05,100,ET (+Triton),64,2,0.0,./
0,0.0026028156280517,1,200,0.05,100,ET (+Triton),64,2,0.0,./
0,0.0025970935821533,1,200,0.05,100,ET (+Triton),64,2,0.0,./
0,0.0025985240936279,1,200,0.05,100,ET (+Triton),64,2,0.0,./
0,0.0025887489318847,1,200,0.05,100,ET (+Triton),64,2,0.0,./
0,0.0025889873504638,1,200,0.05,100,ET (+Triton),64,2,0.0,./
0,0.0025954246520996,1,200,0.05,100,ET (+Triton),64,2,0.0,./
0,0.0025875568389892,1,200,0.05,100,ET (+Triton),64,2,0.0,./
0,0.0026001930236816,1,200,0.05,100,ET (+Triton),64,2,0.0,./
0,0.0025887489318847,1,200,0.05,100,ET (+Triton),64,2,0.0,./
0,0.0025913715362548,1,200,0.05,100,ET (+Triton),64,2,0.0,./
0,0.002589464187622,1,200,0.05,100,ET (+Triton),64,2,0.0,./
0,0.0025920867919921,1,200,0.05,100,ET (+Triton),64,2,0.0,./
0,0.0025961399078369,1,200,0.05,100,ET (+Triton),64,2,0.0,./
0,0.0025961399078369,1,200,0.05,100,ET (+Triton),64,2,0.0,./
0,0.0534975528717041,1,400,0.05,100,ET,64,2,0.0,./
0,0.0534493923187255,1,400,0.05,100,ET,64,2,0.0,./
0,0.0534570217132568,1,400,0.05,100,ET,64,2,0.0,./
0,0.0534391403198242,1,400,0.05,100,ET,64,2,0.0,./
0,0.0534780025482177,1,400,0.05,100,ET,64,2,0.0,./
0,0.0534765720367431,1,400,0.05,100,ET,64,2,0.0,./
0,0.0534851551055908,1,400,0.05,100,ET,64,2,0.0,./
0,0.0534701347351074,1,400,0.05,100,ET,64,2,0.0,./
0,0.0534863471984863,1,400,0.05,100,ET,64,2,0.0,./
0,0.0534639358520507,1,400,0.05,100,ET,64,2,0.0,./
0,0.0534737110137939,1,400,0.05,100,ET,64,2,0.0,./
0,0.0534684658050537,1,400,0.05,100,ET,64,2,0.0,./
0,0.0536234378814697,1,400,0.05,100,ET,64,2,0.0,./
0,0.0536055564880371,1,400,0.05,100,ET,64,2,0.0,./
0,0.0534803867340087,1,400,0.05,100,ET,64,2,0.0,./
0,0.0534703731536865,1,400,0.05,100,ET,64,2,0.0,./
0,0.0534553527832031,1,400,0.05,100,ET,64,2,0.0,./
0,0.0534379482269287,1,400,0.05,100,ET,64,2,0.0,./
0,0.053443431854248,1,400,0.05,100,ET,64,2,0.0,./
0,0.0560278892517089,1,400,0.05,100,ET,64,2,0.0,./
0,0.0537745952606201,1,400,0.05,100,ET,64,2,0.0,./
0,0.0535492897033691,1,400,0.05,100,ET,64,2,0.0,./
0,0.0537600517272949,1,400,0.05,100,ET,64,2,0.0,./
0,0.0537505149841308,1,400,0.05,100,ET,64,2,0.0,./
0,0.0538010597229003,1,400,0.05,100,ET,64,2,0.0,./
0,0.0539216995239257,1,400,0.05,100,ET,64,2,0.0,./
0,0.0537545680999755,1,400,0.05,100,ET,64,2,0.0,./
0,0.0539259910583496,1,400,0.05,100,ET,64,2,0.0,./
0,0.0539095401763916,1,400,0.05,100,ET,64,2,0.0,./
0,0.0539295673370361,1,400,0.05,100,ET,64,2,0.0,./
0,0.0538992881774902,1,400,0.05,100,ET,64,2,0.0,./
0,0.0537679195404052,1,400,0.05,100,ET,64,2,0.0,./
0,0.0539369583129882,1,400,0.05,100,ET,64,2,0.0,./
0,0.0539276599884033,1,400,0.05,100,ET,64,2,0.0,./
0,0.0539829730987548,1,400,0.05,100,ET,64,2,0.0,./
0,0.0539717674255371,1,400,0.05,100,ET,64,2,0.0,./
0,0.0536634922027587,1,400,0.05,100,ET,64,2,0.0,./
0,0.0538070201873779,1,400,0.05,100,ET,64,2,0.0,./
0,0.0539708137512207,1,400,0.05,100,ET,64,2,0.0,./
0,0.0538077354431152,1,400,0.05,100,ET,64,2,0.0,./
0,0.0537817478179931,1,400,0.05,100,ET,64,2,0.0,./
0,0.0538685321807861,1,400,0.05,100,ET,64,2,0.0,./
0,0.0538434982299804,1,400,0.05,100,ET,64,2,0.0,./
0,0.0538249015808105,1,400,0.05,100,ET,64,2,0.0,./
0,0.0535144805908203,1,400,0.05,100,ET,64,2,0.0,./
0,0.0534524917602539,1,400,0.05,100,ET,64,2,0.0,./
0,0.0538747310638427,1,400,0.05,100,ET,64,2,0.0,./
0,0.0535500049591064,1,400,0.05,100,ET,64,2,0.0,./
0,0.0535533428192138,1,400,0.05,100,ET,64,2,0.0,./
0,0.0535449981689453,1,400,0.05,100,ET,64,2,0.0,./
0,0.0534467697143554,1,400,0.05,100,ET,64,2,0.0,./
0,0.0534496307373046,1,400,0.05,100,ET,64,2,0.0,./
0,0.0534493923187255,1,400,0.05,100,ET,64,2,0.0,./
0,0.0534374713897705,1,400,0.05,100,ET,64,2,0.0,./
0,0.0534491539001464,1,400,0.05,100,ET,64,2,0.0,./
0,0.053450584411621,1,400,0.05,100,ET,64,2,0.0,./
0,0.0534291267395019,1,400,0.05,100,ET,64,2,0.0,./
0,0.0534360408782959,1,400,0.05,100,ET,64,2,0.0,./
0,0.0534322261810302,1,400,0.05,100,ET,64,2,0.0,./
0,0.0534312725067138,1,400,0.05,100,ET,64,2,0.0,./
0,0.053424596786499,1,400,0.05,100,ET,64,2,0.0,./
0,0.0534250736236572,1,400,0.05,100,ET,64,2,0.0,./
0,0.0534484386444091,1,400,0.05,100,ET,64,2,0.0,./
0,0.0534353256225585,1,400,0.05,100,ET,64,2,0.0,./
0,0.0534307956695556,1,400,0.05,100,ET,64,2,0.0,./
0,0.0534474849700927,1,400,0.05,100,ET,64,2,0.0,./
0,0.0534546375274658,1,400,0.05,100,ET,64,2,0.0,./
0,0.0534367561340332,1,400,0.05,100,ET,64,2,0.0,./
0,0.0535457134246826,1,400,0.05,100,ET,64,2,0.0,./
0,0.0535192489624023,1,400,0.05,100,ET,64,2,0.0,./
0,0.0534970760345459,1,400,0.05,100,ET,64,2,0.0,./
0,0.0534541606903076,1,400,0.05,100,ET,64,2,0.0,./
0,0.0534265041351318,1,400,0.05,100,ET,64,2,0.0,./
0,0.0534234046936035,1,400,0.05,100,ET,64,2,0.0,./
0,0.0534198284149169,1,400,0.05,100,ET,64,2,0.0,./
0,0.0547521114349365,1,400,0.05,100,ET,64,2,0.0,./
0,0.0534369945526123,1,400,0.05,100,ET,64,2,0.0,./
0,0.0534241199493408,1,400,0.05,100,ET,64,2,0.0,./
0,0.0539464950561523,1,400,0.05,100,ET,64,2,0.0,./
0,0.0536956787109375,1,400,0.05,100,ET,64,2,0.0,./
0,0.0539281368255615,1,400,0.05,100,ET,64,2,0.0,./
0,0.0539252758026123,1,400,0.05,100,ET,64,2,0.0,./
0,0.0540027618408203,1,400,0.05,100,ET,64,2,0.0,./
0,0.0539958477020263,1,400,0.05,100,ET,64,2,0.0,./
0,0.0539360046386718,1,400,0.05,100,ET,64,2,0.0,./
0,0.0539660453796386,1,400,0.05,100,ET,64,2,0.0,./
0,0.054013967514038,1,400,0.05,100,ET,64,2,0.0,./
0,0.0540170669555664,1,400,0.05,100,ET,64,2,0.0,./
0,0.0538890361785888,1,400,0.05,100,ET,64,2,0.0,./
0,0.053790807723999,1,400,0.05,100,ET,64,2,0.0,./
0,0.0538423061370849,1,400,0.05,100,ET,64,2,0.0,./
0,0.0538499355316162,1,400,0.05,100,ET,64,2,0.0,./
0,0.0538387298583984,1,400,0.05,100,ET,64,2,0.0,./
0,0.0537846088409423,1,400,0.05,100,ET,64,2,0.0,./
0,0.0534570217132568,1,400,0.05,100,ET,64,2,0.0,./
0,0.0536396503448486,1,400,0.05,100,ET,64,2,0.0,./
0,0.0537745952606201,1,400,0.05,100,ET,64,2,0.0,./
0,0.0535650253295898,1,400,0.05,100,ET,64,2,0.0,./
0,0.053534984588623,1,400,0.05,100,ET,64,2,0.0,./
0,0.053455114364624,1,400,0.05,100,ET,64,2,0.0,./
0,0.0079631805419921,1,300,0.05,100,ET (+Triton),64,2,0.0,./
0,0.007869005203247,1,300,0.05,100,ET (+Triton),64,2,0.0,./
0,0.0079097747802734,1,300,0.05,100,ET (+Triton),64,2,0.0,./
0,0.0078065395355224,1,300,0.05,100,ET (+Triton),64,2,0.0,./
0,0.0078363418579101,1,300,0.05,100,ET (+Triton),64,2,0.0,./
0,0.0078141689300537,1,300,0.05,100,ET (+Triton),64,2,0.0,./
0,0.007814884185791,1,300,0.05,100,ET (+Triton),64,2,0.0,./
0,0.0076997280120849,1,300,0.05,100,ET (+Triton),64,2,0.0,./
0,0.0076603889465332,1,300,0.05,100,ET (+Triton),64,2,0.0,./
0,0.0076632499694824,1,300,0.05,100,ET (+Triton),64,2,0.0,./
0,0.0076861381530761,1,300,0.05,100,ET (+Triton),64,2,0.0,./
0,0.0076739788055419,1,300,0.05,100,ET (+Triton),64,2,0.0,./
0,0.0077602863311767,1,300,0.05,100,ET (+Triton),64,2,0.0,./
0,0.0077309608459472,1,300,0.05,100,ET (+Triton),64,2,0.0,./
0,0.0077409744262695,1,300,0.05,100,ET (+Triton),64,2,0.0,./
0,0.0076916217803955,1,300,0.05,100,ET (+Triton),64,2,0.0,./
0,0.0077545642852783,1,300,0.05,100,ET (+Triton),64,2,0.0,./
0,0.0076892375946044,1,300,0.05,100,ET (+Triton),64,2,0.0,./
0,0.0077929496765136,1,300,0.05,100,ET (+Triton),64,2,0.0,./
0,0.0077426433563232,1,300,0.05,100,ET (+Triton),64,2,0.0,./
0,0.0077681541442871,1,300,0.05,100,ET (+Triton),64,2,0.0,./
0,0.0077555179595947,1,300,0.05,100,ET (+Triton),64,2,0.0,./
0,0.0077912807464599,1,300,0.05,100,ET (+Triton),64,2,0.0,./
0,0.0077433586120605,1,300,0.05,100,ET (+Triton),64,2,0.0,./
0,0.0077776908874511,1,300,0.05,100,ET (+Triton),64,2,0.0,./
0,0.0078086853027343,1,300,0.05,100,ET (+Triton),64,2,0.0,./
0,0.0077996253967285,1,300,0.05,100,ET (+Triton),64,2,0.0,./
0,0.0077683925628662,1,300,0.05,100,ET (+Triton),64,2,0.0,./
0,0.0077567100524902,1,300,0.05,100,ET (+Triton),64,2,0.0,./
0,0.0077385902404785,1,300,0.05,100,ET (+Triton),64,2,0.0,./
0,0.0078315734863281,1,300,0.05,100,ET (+Triton),64,2,0.0,./
0,0.0077753067016601,1,300,0.05,100,ET (+Triton),64,2,0.0,./
0,0.0078270435333251,1,300,0.05,100,ET (+Triton),64,2,0.0,./
0,0.0077941417694091,1,300,0.05,100,ET (+Triton),64,2,0.0,./
0,0.007781982421875,1,300,0.05,100,ET (+Triton),64,2,0.0,./
0,0.0077321529388427,1,300,0.05,100,ET (+Triton),64,2,0.0,./
0,0.0077292919158935,1,300,0.05,100,ET (+Triton),64,2,0.0,./
0,0.0077099800109863,1,300,0.05,100,ET (+Triton),64,2,0.0,./
0,0.0077123641967773,1,300,0.05,100,ET (+Triton),64,2,0.0,./
0,0.0076773166656494,1,300,0.05,100,ET (+Triton),64,2,0.0,./
0,0.0077369213104248,1,300,0.05,100,ET (+Triton),64,2,0.0,./
0,0.0077016353607177,1,300,0.05,100,ET (+Triton),64,2,0.0,./
0,0.0077123641967773,1,300,0.05,100,ET (+Triton),64,2,0.0,./
0,0.0076634883880615,1,300,0.05,100,ET (+Triton),64,2,0.0,./
0,0.0076575279235839,1,300,0.05,100,ET (+Triton),64,2,0.0,./
0,0.007624864578247,1,300,0.05,100,ET (+Triton),64,2,0.0,./
0,0.0076658725738525,1,300,0.05,100,ET (+Triton),64,2,0.0,./
0,0.0076403617858886,1,300,0.05,100,ET (+Triton),64,2,0.0,./
0,0.0076560974121093,1,300,0.05,100,ET (+Triton),64,2,0.0,./
0,0.0076880455017089,1,300,0.05,100,ET (+Triton),64,2,0.0,./
0,0.0077195167541503,1,300,0.05,100,ET (+Triton),64,2,0.0,./
0,0.0076513290405273,1,300,0.05,100,ET (+Triton),64,2,0.0,./
0,0.0076828002929687,1,300,0.05,100,ET (+Triton),64,2,0.0,./
0,0.0076320171356201,1,300,0.05,100,ET (+Triton),64,2,0.0,./
0,0.0076143741607666,1,300,0.05,100,ET (+Triton),64,2,0.0,./
0,0.0075902938842773,1,300,0.05,100,ET (+Triton),64,2,0.0,./
0,0.0075628757476806,1,300,0.05,100,ET (+Triton),64,2,0.0,./
0,0.007554292678833,1,300,0.05,100,ET (+Triton),64,2,0.0,./
0,0.0075821876525878,1,300,0.05,100,ET (+Triton),64,2,0.0,./
0,0.007608413696289,1,300,0.05,100,ET (+Triton),64,2,0.0,./
0,0.0076465606689453,1,300,0.05,100,ET (+Triton),64,2,0.0,./
0,0.0075836181640625,1,300,0.05,100,ET (+Triton),64,2,0.0,./
0,0.0076193809509277,1,300,0.05,100,ET (+Triton),64,2,0.0,./
0,0.0075573921203613,1,300,0.05,100,ET (+Triton),64,2,0.0,./
0,0.0075933933258056,1,300,0.05,100,ET (+Triton),64,2,0.0,./
0,0.0075876712799072,1,300,0.05,100,ET (+Triton),64,2,0.0,./
0,0.0075962543487548,1,300,0.05,100,ET (+Triton),64,2,0.0,./
0,0.0075502395629882,1,300,0.05,100,ET (+Triton),64,2,0.0,./
0,0.0075931549072265,1,300,0.05,100,ET (+Triton),64,2,0.0,./
0,0.0076866149902343,1,300,0.05,100,ET (+Triton),64,2,0.0,./
0,0.0076527595520019,1,300,0.05,100,ET (+Triton),64,2,0.0,./
0,0.0075840950012207,1,300,0.05,100,ET (+Triton),64,2,0.0,./
0,0.0075702667236328,1,300,0.05,100,ET (+Triton),64,2,0.0,./
0,0.0075819492340087,1,300,0.05,100,ET (+Triton),64,2,0.0,./
0,0.0075752735137939,1,300,0.05,100,ET (+Triton),64,2,0.0,./
0,0.0075433254241943,1,300,0.05,100,ET (+Triton),64,2,0.0,./
0,0.0076155662536621,1,300,0.05,100,ET (+Triton),64,2,0.0,./
0,0.0075726509094238,1,300,0.05,100,ET (+Triton),64,2,0.0,./
0,0.0075991153717041,1,300,0.05,100,ET (+Triton),64,2,0.0,./
0,0.0077390670776367,1,300,0.05,100,ET (+Triton),64,2,0.0,./
0,0.0077261924743652,1,300,0.05,100,ET (+Triton),64,2,0.0,./
0,0.0076689720153808,1,300,0.05,100,ET (+Triton),64,2,0.0,./
0,0.0076875686645507,1,300,0.05,100,ET (+Triton),64,2,0.0,./
0,0.0076119899749755,1,300,0.05,100,ET (+Triton),64,2,0.0,./
0,0.0076098442077636,1,300,0.05,100,ET (+Triton),64,2,0.0,./
0,0.00758957862854,1,300,0.05,100,ET (+Triton),64,2,0.0,./
0,0.0076045989990234,1,300,0.05,100,ET (+Triton),64,2,0.0,./
0,0.0075902938842773,1,300,0.05,100,ET (+Triton),64,2,0.0,./
0,0.0076184272766113,1,300,0.05,100,ET (+Triton),64,2,0.0,./
0,0.0076267719268798,1,300,0.05,100,ET (+Triton),64,2,0.0,./
0,0.0076262950897216,1,300,0.05,100,ET (+Triton),64,2,0.0,./
0,0.0075604915618896,1,300,0.05,100,ET (+Triton),64,2,0.0,./
0,0.0075671672821044,1,300,0.05,100,ET (+Triton),64,2,0.0,./
0,0.0075335502624511,1,300,0.05,100,ET (+Triton),64,2,0.0,./
0,0.0075752735137939,1,300,0.05,100,ET (+Triton),64,2,0.0,./
0,0.0075337886810302,1,300,0.05,100,ET (+Triton),64,2,0.0,./
0,0.0075764656066894,1,300,0.05,100,ET (+Triton),64,2,0.0,./
0,0.007547378540039,1,300,0.05,100,ET (+Triton),64,2,0.0,./
0,0.0076427459716796,1,300,0.05,100,ET (+Triton),64,2,0.0,./
0,0.0076336860656738,1,300,0.05,100,ET (+Triton),64,2,0.0,./
0,0.1046850681304931,1,500,0.05,100,ET,64,2,0.0,./
0,0.1049563884735107,1,500,0.05,100,ET,64,2,0.0,./
0,0.1052544116973877,1,500,0.05,100,ET,64,2,0.0,./
0,0.1055083274841308,1,500,0.05,100,ET,64,2,0.0,./
0,0.1049072742462158,1,500,0.05,100,ET,64,2,0.0,./
0,0.1050360202789306,1,500,0.05,100,ET,64,2,0.0,./
0,0.105210542678833,1,500,0.05,100,ET,64,2,0.0,./
0,0.1051473617553711,1,500,0.05,100,ET,64,2,0.0,./
0,0.1051363945007324,1,500,0.05,100,ET,64,2,0.0,./
0,0.1053030490875244,1,500,0.05,100,ET,64,2,0.0,./
0,0.1064891815185546,1,500,0.05,100,ET,64,2,0.0,./
0,0.1052806377410888,1,500,0.05,100,ET,64,2,0.0,./
0,0.1053879261016845,1,500,0.05,100,ET,64,2,0.0,./
0,0.1055812835693359,1,500,0.05,100,ET,64,2,0.0,./
0,0.1053097248077392,1,500,0.05,100,ET,64,2,0.0,./
0,0.1051909923553466,1,500,0.05,100,ET,64,2,0.0,./
0,0.1057078838348388,1,500,0.05,100,ET,64,2,0.0,./
0,0.1054179668426513,1,500,0.05,100,ET,64,2,0.0,./
0,0.105325698852539,1,500,0.05,100,ET,64,2,0.0,./
0,0.1054093837738037,1,500,0.05,100,ET,64,2,0.0,./
0,0.1053040027618408,1,500,0.05,100,ET,64,2,0.0,./
0,0.1052718162536621,1,500,0.05,100,ET,64,2,0.0,./
0,0.1054883003234863,1,500,0.05,100,ET,64,2,0.0,./
0,0.1056652069091796,1,500,0.05,100,ET,64,2,0.0,./
0,0.1052827835083007,1,500,0.05,100,ET,64,2,0.0,./
0,0.1054437160491943,1,500,0.05,100,ET,64,2,0.0,./
0,0.1058864593505859,1,500,0.05,100,ET,64,2,0.0,./
0,0.1052465438842773,1,500,0.05,100,ET,64,2,0.0,./
0,0.1052875518798828,1,500,0.05,100,ET,64,2,0.0,./
0,0.1059355735778808,1,500,0.05,100,ET,64,2,0.0,./
0,0.1051437854766845,1,500,0.05,100,ET,64,2,0.0,./
0,0.1052086353302002,1,500,0.05,100,ET,64,2,0.0,./
0,0.1055579185485839,1,500,0.05,100,ET,64,2,0.0,./
0,0.1052570343017578,1,500,0.05,100,ET,64,2,0.0,./
0,0.1078393459320068,1,500,0.05,100,ET,64,2,0.0,./
0,0.1053321361541748,1,500,0.05,100,ET,64,2,0.0,./
0,0.1059432029724121,1,500,0.05,100,ET,64,2,0.0,./
0,0.1052324771881103,1,500,0.05,100,ET,64,2,0.0,./
0,0.1053104400634765,1,500,0.05,100,ET,64,2,0.0,./
0,0.1058042049407959,1,500,0.05,100,ET,64,2,0.0,./
0,0.1052899360656738,1,500,0.05,100,ET,64,2,0.0,./
0,0.1052248477935791,1,500,0.05,100,ET,64,2,0.0,./
0,0.1055753231048584,1,500,0.05,100,ET,64,2,0.0,./
0,0.1055743694305419,1,500,0.05,100,ET,64,2,0.0,./
0,0.1052541732788086,1,500,0.05,100,ET,64,2,0.0,./
0,0.1056184768676757,1,500,0.05,100,ET,64,2,0.0,./
0,0.1050851345062255,1,500,0.05,100,ET,64,2,0.0,./
0,0.105248212814331,1,500,0.05,100,ET,64,2,0.0,./
0,0.1053786277770996,1,500,0.05,100,ET,64,2,0.0,./
0,0.1059937477111816,1,500,0.05,100,ET,64,2,0.0,./
0,0.1052474975585937,1,500,0.05,100,ET,64,2,0.0,./
0,0.1051921844482421,1,500,0.05,100,ET,64,2,0.0,./
0,0.1057806015014648,1,500,0.05,100,ET,64,2,0.0,./
0,0.1053876876831054,1,500,0.05,100,ET,64,2,0.0,./
0,0.1052634716033935,1,500,0.05,100,ET,64,2,0.0,./
0,0.1054089069366455,1,500,0.05,100,ET,64,2,0.0,./
0,0.1054275035858154,1,500,0.05,100,ET,64,2,0.0,./
0,0.1052191257476806,1,500,0.05,100,ET,64,2,0.0,./
0,0.1053798198699951,1,500,0.05,100,ET,64,2,0.0,./
0,0.1058351993560791,1,500,0.05,100,ET,64,2,0.0,./
0,0.1052074432373046,1,500,0.05,100,ET,64,2,0.0,./
0,0.1052362918853759,1,500,0.05,100,ET,64,2,0.0,./
0,0.1067800521850586,1,500,0.05,100,ET,64,2,0.0,./
0,0.1056702136993408,1,500,0.05,100,ET,64,2,0.0,./
0,0.1052782535552978,1,500,0.05,100,ET,64,2,0.0,./
0,0.1053028106689453,1,500,0.05,100,ET,64,2,0.0,./
0,0.1053700447082519,1,500,0.05,100,ET,64,2,0.0,./
0,0.1058995723724365,1,500,0.05,100,ET,64,2,0.0,./
0,0.1052684783935546,1,500,0.05,100,ET,64,2,0.0,./
0,0.1054024696350097,1,500,0.05,100,ET,64,2,0.0,./
0,0.1055359840393066,1,500,0.05,100,ET,64,2,0.0,./
0,0.1060469150543212,1,500,0.05,100,ET,64,2,0.0,./
0,0.1053595542907714,1,500,0.05,100,ET,64,2,0.0,./
0,0.105405569076538,1,500,0.05,100,ET,64,2,0.0,./
0,0.10597825050354,1,500,0.05,100,ET,64,2,0.0,./
0,0.1052329540252685,1,500,0.05,100,ET,64,2,0.0,./
0,0.1055049896240234,1,500,0.05,100,ET,64,2,0.0,./
0,0.1057648658752441,1,500,0.05,100,ET,64,2,0.0,./
0,0.1052608489990234,1,500,0.05,100,ET,64,2,0.0,./
0,0.1052749156951904,1,500,0.05,100,ET,64,2,0.0,./
0,0.1058037281036377,1,500,0.05,100,ET,64,2,0.0,./
0,0.1057169437408447,1,500,0.05,100,ET,64,2,0.0,./
0,0.1054296493530273,1,500,0.05,100,ET,64,2,0.0,./
0,0.1055254936218261,1,500,0.05,100,ET,64,2,0.0,./
0,0.1060843467712402,1,500,0.05,100,ET,64,2,0.0,./
0,0.1053874492645263,1,500,0.05,100,ET,64,2,0.0,./
0,0.1053528785705566,1,500,0.05,100,ET,64,2,0.0,./
0,0.1054301261901855,1,500,0.05,100,ET,64,2,0.0,./
0,0.1060957908630371,1,500,0.05,100,ET,64,2,0.0,./
0,0.1054170131683349,1,500,0.05,100,ET,64,2,0.0,./
0,0.105494737625122,1,500,0.05,100,ET,64,2,0.0,./
0,0.1057980060577392,1,500,0.05,100,ET,64,2,0.0,./
0,0.1055009365081787,1,500,0.05,100,ET,64,2,0.0,./
0,0.1053142547607421,1,500,0.05,100,ET,64,2,0.0,./
0,0.1060335636138916,1,500,0.05,100,ET,64,2,0.0,./
0,0.1058254241943359,1,500,0.05,100,ET,64,2,0.0,./
0,0.105281114578247,1,500,0.05,100,ET,64,2,0.0,./
0,0.1056485176086425,1,500,0.05,100,ET,64,2,0.0,./
0,0.1061713695526123,1,500,0.05,100,ET,64,2,0.0,./
0,0.1053404808044433,1,500,0.05,100,ET,64,2,0.0,./
0,0.0193030834197998,1,400,0.05,100,ET (+Triton),64,2,0.0,./
0,0.0191352367401123,1,400,0.05,100,ET (+Triton),64,2,0.0,./
0,0.0191438198089599,1,400,0.05,100,ET (+Triton),64,2,0.0,./
0,0.0191676616668701,1,400,0.05,100,ET (+Triton),64,2,0.0,./
0,0.0191438198089599,1,400,0.05,100,ET (+Triton),64,2,0.0,./
0,0.0192697048187255,1,400,0.05,100,ET (+Triton),64,2,0.0,./
0,0.0192840099334716,1,400,0.05,100,ET (+Triton),64,2,0.0,./
0,0.0192296504974365,1,400,0.05,100,ET (+Triton),64,2,0.0,./
0,0.0191199779510498,1,400,0.05,100,ET (+Triton),64,2,0.0,./
0,0.0191454887390136,1,400,0.05,100,ET (+Triton),64,2,0.0,./
0,0.0191247463226318,1,400,0.05,100,ET (+Triton),64,2,0.0,./
0,0.0194218158721923,1,400,0.05,100,ET (+Triton),64,2,0.0,./
0,0.0193092823028564,1,400,0.05,100,ET (+Triton),64,2,0.0,./
0,0.019336462020874,1,400,0.05,100,ET (+Triton),64,2,0.0,./
0,0.0191864967346191,1,400,0.05,100,ET (+Triton),64,2,0.0,./
0,0.0191531181335449,1,400,0.05,100,ET (+Triton),64,2,0.0,./
0,0.0192444324493408,1,400,0.05,100,ET (+Triton),64,2,0.0,./
0,0.0192346572875976,1,400,0.05,100,ET (+Triton),64,2,0.0,./
0,0.0191187858581542,1,400,0.05,100,ET (+Triton),64,2,0.0,./
0,0.0191729068756103,1,400,0.05,100,ET (+Triton),64,2,0.0,./
0,0.0191349983215332,1,400,0.05,100,ET (+Triton),64,2,0.0,./
0,0.019397497177124,1,400,0.05,100,ET (+Triton),64,2,0.0,./
0,0.0192418098449707,1,400,0.05,100,ET (+Triton),64,2,0.0,./
0,0.0191831588745117,1,400,0.05,100,ET (+Triton),64,2,0.0,./
0,0.0191335678100585,1,400,0.05,100,ET (+Triton),64,2,0.0,./
0,0.0191898345947265,1,400,0.05,100,ET (+Triton),64,2,0.0,./
0,0.0192823410034179,1,400,0.05,100,ET (+Triton),64,2,0.0,./
0,0.01924729347229,1,400,0.05,100,ET (+Triton),64,2,0.0,./
0,0.0191490650177001,1,400,0.05,100,ET (+Triton),64,2,0.0,./
0,0.0192382335662841,1,400,0.05,100,ET (+Triton),64,2,0.0,./
0,0.0193080902099609,1,400,0.05,100,ET (+Triton),64,2,0.0,./
0,0.0192608833312988,1,400,0.05,100,ET (+Triton),64,2,0.0,./
0,0.0191652774810791,1,400,0.05,100,ET (+Triton),64,2,0.0,./
0,0.0191619396209716,1,400,0.05,100,ET (+Triton),64,2,0.0,./
0,0.0191321372985839,1,400,0.05,100,ET (+Triton),64,2,0.0,./
0,0.019336462020874,1,400,0.05,100,ET (+Triton),64,2,0.0,./
0,0.0192933082580566,1,400,0.05,100,ET (+Triton),64,2,0.0,./
0,0.0192930698394775,1,400,0.05,100,ET (+Triton),64,2,0.0,./
0,0.0191407203674316,1,400,0.05,100,ET (+Triton),64,2,0.0,./
0,0.019172191619873,1,400,0.05,100,ET (+Triton),64,2,0.0,./
0,0.0193288326263427,1,400,0.05,100,ET (+Triton),64,2,0.0,./
0,0.019317626953125,1,400,0.05,100,ET (+Triton),64,2,0.0,./
0,0.0192270278930664,1,400,0.05,100,ET (+Triton),64,2,0.0,./
0,0.0191905498504638,1,400,0.05,100,ET (+Triton),64,2,0.0,./
0,0.0191414356231689,1,400,0.05,100,ET (+Triton),64,2,0.0,./
0,0.0192313194274902,1,400,0.05,100,ET (+Triton),64,2,0.0,./
0,0.0191717147827148,1,400,0.05,100,ET (+Triton),64,2,0.0,./
0,0.0192358493804931,1,400,0.05,100,ET (+Triton),64,2,0.0,./
0,0.0191562175750732,1,400,0.05,100,ET (+Triton),64,2,0.0,./
0,0.0191569328308105,1,400,0.05,100,ET (+Triton),64,2,0.0,./
0,0.0191226005554199,1,400,0.05,100,ET (+Triton),64,2,0.0,./
0,0.0193521976470947,1,400,0.05,100,ET (+Triton),64,2,0.0,./
0,0.0193052291870117,1,400,0.05,100,ET (+Triton),64,2,0.0,./
0,0.0193066596984863,1,400,0.05,100,ET (+Triton),64,2,0.0,./
0,0.0191791057586669,1,400,0.05,100,ET (+Triton),64,2,0.0,./
0,0.0191483497619628,1,400,0.05,100,ET (+Triton),64,2,0.0,./
0,0.019336462020874,1,400,0.05,100,ET (+Triton),64,2,0.0,./
0,0.0193240642547607,1,400,0.05,100,ET (+Triton),64,2,0.0,./
0,0.0192153453826904,1,400,0.05,100,ET (+Triton),64,2,0.0,./
0,0.0191819667816162,1,400,0.05,100,ET (+Triton),64,2,0.0,./
0,0.0191638469696044,1,400,0.05,100,ET (+Triton),64,2,0.0,./
0,0.0193917751312255,1,400,0.05,100,ET (+Triton),64,2,0.0,./
0,0.0193009376525878,1,400,0.05,100,ET (+Triton),64,2,0.0,./
0,0.0192465782165527,1,400,0.05,100,ET (+Triton),64,2,0.0,./
0,0.0191397666931152,1,400,0.05,100,ET (+Triton),64,2,0.0,./
0,0.0191395282745361,1,400,0.05,100,ET (+Triton),64,2,0.0,./
0,0.0193080902099609,1,400,0.05,100,ET (+Triton),64,2,0.0,./
0,0.0193386077880859,1,400,0.05,100,ET (+Triton),64,2,0.0,./
0,0.0193021297454834,1,400,0.05,100,ET (+Triton),64,2,0.0,./
0,0.0192408561706542,1,400,0.05,100,ET (+Triton),64,2,0.0,./
0,0.0191483497619628,1,400,0.05,100,ET (+Triton),64,2,0.0,./
0,0.0193531513214111,1,400,0.05,100,ET (+Triton),64,2,0.0,./
0,0.0193004608154296,1,400,0.05,100,ET (+Triton),64,2,0.0,./
0,0.0192503929138183,1,400,0.05,100,ET (+Triton),64,2,0.0,./
0,0.0191342830657959,1,400,0.05,100,ET (+Triton),64,2,0.0,./
0,0.0191335678100585,1,400,0.05,100,ET (+Triton),64,2,0.0,./
0,0.01936936378479,1,400,0.05,100,ET (+Triton),64,2,0.0,./
0,0.019371747970581,1,400,0.05,100,ET (+Triton),64,2,0.0,./
0,0.0192451477050781,1,400,0.05,100,ET (+Triton),64,2,0.0,./
0,0.0191884040832519,1,400,0.05,100,ET (+Triton),64,2,0.0,./
0,0.0191471576690673,1,400,0.05,100,ET (+Triton),64,2,0.0,./
0,0.0192997455596923,1,400,0.05,100,ET (+Triton),64,2,0.0,./
0,0.0192499160766601,1,400,0.05,100,ET (+Triton),64,2,0.0,./
0,0.019237995147705,1,400,0.05,100,ET (+Triton),64,2,0.0,./
0,0.0192224979400634,1,400,0.05,100,ET (+Triton),64,2,0.0,./
0,0.0192019939422607,1,400,0.05,100,ET (+Triton),64,2,0.0,./
0,0.0192527770996093,1,400,0.05,100,ET (+Triton),64,2,0.0,./
0,0.0192322731018066,1,400,0.05,100,ET (+Triton),64,2,0.0,./
0,0.019111156463623,1,400,0.05,100,ET (+Triton),64,2,0.0,./
0,0.0191507339477539,1,400,0.05,100,ET (+Triton),64,2,0.0,./
0,0.0191290378570556,1,400,0.05,100,ET (+Triton),64,2,0.0,./
0,0.019341230392456,1,400,0.05,100,ET (+Triton),64,2,0.0,./
0,0.0193760395050048,1,400,0.05,100,ET (+Triton),64,2,0.0,./
0,0.0192983150482177,1,400,0.05,100,ET (+Triton),64,2,0.0,./
0,0.0191867351531982,1,400,0.05,100,ET (+Triton),64,2,0.0,./
0,0.0191578865051269,1,400,0.05,100,ET (+Triton),64,2,0.0,./
0,0.0192656517028808,1,400,0.05,100,ET (+Triton),64,2,0.0,./
0,0.0192692279815673,1,400,0.05,100,ET (+Triton),64,2,0.0,./
0,0.0191624164581298,1,400,0.05,100,ET (+Triton),64,2,0.0,./
0,0.0191731452941894,1,400,0.05,100,ET (+Triton),64,2,0.0,./
0,0.1801497936248779,1,600,0.05,100,ET,64,2,0.0,./
0,0.1802310943603515,1,600,0.05,100,ET,64,2,0.0,./
0,0.1803951263427734,1,600,0.05,100,ET,64,2,0.0,./
0,0.1804432868957519,1,600,0.05,100,ET,64,2,0.0,./
0,0.1804134845733642,1,600,0.05,100,ET,64,2,0.0,./
0,0.179976224899292,1,600,0.05,100,ET,64,2,0.0,./
0,0.1802248954772949,1,600,0.05,100,ET,64,2,0.0,./
0,0.1801869869232177,1,600,0.05,100,ET,64,2,0.0,./
0,0.1805810928344726,1,600,0.05,100,ET,64,2,0.0,./
0,0.1800494194030761,1,600,0.05,100,ET,64,2,0.0,./
0,0.1807847023010254,1,600,0.05,100,ET,64,2,0.0,./
0,0.1800732612609863,1,600,0.05,100,ET,64,2,0.0,./
0,0.1805534362792968,1,600,0.05,100,ET,64,2,0.0,./
0,0.1804916858673095,1,600,0.05,100,ET,64,2,0.0,./
0,0.1806046962738037,1,600,0.05,100,ET,64,2,0.0,./
0,0.1805765628814697,1,600,0.05,100,ET,64,2,0.0,./
0,0.1805932521820068,1,600,0.05,100,ET,64,2,0.0,./
0,0.1804544925689697,1,600,0.05,100,ET,64,2,0.0,./
0,0.1804630756378173,1,600,0.05,100,ET,64,2,0.0,./
0,0.1802780628204345,1,600,0.05,100,ET,64,2,0.0,./
0,0.1804769039154052,1,600,0.05,100,ET,64,2,0.0,./
0,0.1807718276977539,1,600,0.05,100,ET,64,2,0.0,./
0,0.1805059909820556,1,600,0.05,100,ET,64,2,0.0,./
0,0.1809122562408447,1,600,0.05,100,ET,64,2,0.0,./
0,0.1801791191101074,1,600,0.05,100,ET,64,2,0.0,./
0,0.1807286739349365,1,600,0.05,100,ET,64,2,0.0,./
0,0.1803290843963623,1,600,0.05,100,ET,64,2,0.0,./
0,0.180626630783081,1,600,0.05,100,ET,64,2,0.0,./
0,0.1799829006195068,1,600,0.05,100,ET,64,2,0.0,./
0,0.1805830001831054,1,600,0.05,100,ET,64,2,0.0,./
0,0.1803259849548339,1,600,0.05,100,ET,64,2,0.0,./
0,0.1824116706848144,1,600,0.05,100,ET,64,2,0.0,./
0,0.1811037063598632,1,600,0.05,100,ET,64,2,0.0,./
0,0.1806201934814453,1,600,0.05,100,ET,64,2,0.0,./
0,0.1811451911926269,1,600,0.05,100,ET,64,2,0.0,./
0,0.1807203292846679,1,600,0.05,100,ET,64,2,0.0,./
0,0.1811246871948242,1,600,0.05,100,ET,64,2,0.0,./
0,0.1806492805480957,1,600,0.05,100,ET,64,2,0.0,./
0,0.1810674667358398,1,600,0.05,100,ET,64,2,0.0,./
0,0.1806423664093017,1,600,0.05,100,ET,64,2,0.0,./
0,0.181100845336914,1,600,0.05,100,ET,64,2,0.0,./
0,0.180530309677124,1,600,0.05,100,ET,64,2,0.0,./
0,0.1813271045684814,1,600,0.05,100,ET,64,2,0.0,./
0,0.1804237365722656,1,600,0.05,100,ET,64,2,0.0,./
0,0.1810057163238525,1,600,0.05,100,ET,64,2,0.0,./
0,0.1801967620849609,1,600,0.05,100,ET,64,2,0.0,./
0,0.1810860633850097,1,600,0.05,100,ET,64,2,0.0,./
0,0.1804394721984863,1,600,0.05,100,ET,64,2,0.0,./
0,0.1809933185577392,1,600,0.05,100,ET,64,2,0.0,./
0,0.1803345680236816,1,600,0.05,100,ET,64,2,0.0,./
0,0.1810934543609619,1,600,0.05,100,ET,64,2,0.0,./
0,0.1802279949188232,1,600,0.05,100,ET,64,2,0.0,./
0,0.1811716556549072,1,600,0.05,100,ET,64,2,0.0,./
0,0.1808009147644043,1,600,0.05,100,ET,64,2,0.0,./
0,0.1810088157653808,1,600,0.05,100,ET,64,2,0.0,./
0,0.1807515621185302,1,600,0.05,100,ET,64,2,0.0,./
0,0.1806614398956298,1,600,0.05,100,ET,64,2,0.0,./
0,0.1811184883117675,1,600,0.05,100,ET,64,2,0.0,./
0,0.1806018352508545,1,600,0.05,100,ET,64,2,0.0,./
0,0.1811885833740234,1,600,0.05,100,ET,64,2,0.0,./
0,0.1803853511810302,1,600,0.05,100,ET,64,2,0.0,./
0,0.1811206340789795,1,600,0.05,100,ET,64,2,0.0,./
0,0.1804029941558838,1,600,0.05,100,ET,64,2,0.0,./
0,0.1816270351409912,1,600,0.05,100,ET,64,2,0.0,./
0,0.181053876876831,1,600,0.05,100,ET,64,2,0.0,./
0,0.1809999942779541,1,600,0.05,100,ET,64,2,0.0,./
0,0.1807088851928711,1,600,0.05,100,ET,64,2,0.0,./
0,0.1822612285614013,1,600,0.05,100,ET,64,2,0.0,./
0,0.1806344985961914,1,600,0.05,100,ET,64,2,0.0,./
0,0.1812050342559814,1,600,0.05,100,ET,64,2,0.0,./
0,0.1809253692626953,1,600,0.05,100,ET,64,2,0.0,./
0,0.1811599731445312,1,600,0.05,100,ET,64,2,0.0,./
0,0.1816349029541015,1,600,0.05,100,ET,64,2,0.0,./
0,0.1815125942230224,1,600,0.05,100,ET,64,2,0.0,./
0,0.1819148063659668,1,600,0.05,100,ET,64,2,0.0,./
0,0.1811244487762451,1,600,0.05,100,ET,64,2,0.0,./
0,0.1814250946044922,1,600,0.05,100,ET,64,2,0.0,./
0,0.1815497875213623,1,600,0.05,100,ET,64,2,0.0,./
0,0.1815440654754638,1,600,0.05,100,ET,64,2,0.0,./
0,0.1815526485443115,1,600,0.05,100,ET,64,2,0.0,./
0,0.1809289455413818,1,600,0.05,100,ET,64,2,0.0,./
0,0.1815438270568847,1,600,0.05,100,ET,64,2,0.0,./
0,0.1813025474548339,1,600,0.05,100,ET,64,2,0.0,./
0,0.1815345287322998,1,600,0.05,100,ET,64,2,0.0,./
0,0.1813986301422119,1,600,0.05,100,ET,64,2,0.0,./
0,0.1816210746765136,1,600,0.05,100,ET,64,2,0.0,./
0,0.1814017295837402,1,600,0.05,100,ET,64,2,0.0,./
0,0.1819145679473877,1,600,0.05,100,ET,64,2,0.0,./
0,0.1809542179107666,1,600,0.05,100,ET,64,2,0.0,./
0,0.1814534664154052,1,600,0.05,100,ET,64,2,0.0,./
0,0.1812970638275146,1,600,0.05,100,ET,64,2,0.0,./
0,0.1816046237945556,1,600,0.05,100,ET,64,2,0.0,./
0,0.1817262172698974,1,600,0.05,100,ET,64,2,0.0,./
0,0.1813139915466308,1,600,0.05,100,ET,64,2,0.0,./
0,0.1815876960754394,1,600,0.05,100,ET,64,2,0.0,./
0,0.1813559532165527,1,600,0.05,100,ET,64,2,0.0,./
0,0.1818056106567382,1,600,0.05,100,ET,64,2,0.0,./
0,0.1810574531555175,1,600,0.05,100,ET,64,2,0.0,./
0,0.1822309494018554,1,600,0.05,100,ET,64,2,0.0,./
0,0.1810390949249267,1,600,0.05,100,ET,64,2,0.0,./
0,0.0371065139770507,1,500,0.05,100,ET (+Triton),64,2,0.0,./
0,0.0375397205352783,1,500,0.05,100,ET (+Triton),64,2,0.0,./
0,0.037421703338623,1,500,0.05,100,ET (+Triton),64,2,0.0,./
0,0.0372436046600341,1,500,0.05,100,ET (+Triton),64,2,0.0,./
0,0.0374178886413574,1,500,0.05,100,ET (+Triton),64,2,0.0,./
0,0.0375409126281738,1,500,0.05,100,ET (+Triton),64,2,0.0,./
0,0.0372984409332275,1,500,0.05,100,ET (+Triton),64,2,0.0,./
0,0.0372822284698486,1,500,0.05,100,ET (+Triton),64,2,0.0,./
0,0.0374515056610107,1,500,0.05,100,ET (+Triton),64,2,0.0,./
0,0.0375833511352539,1,500,0.05,100,ET (+Triton),64,2,0.0,./
0,0.037346601486206,1,500,0.05,100,ET (+Triton),64,2,0.0,./
0,0.0374796390533447,1,500,0.05,100,ET (+Triton),64,2,0.0,./
0,0.0374641418457031,1,500,0.05,100,ET (+Triton),64,2,0.0,./
0,0.0375120639801025,1,500,0.05,100,ET (+Triton),64,2,0.0,./
0,0.0373218059539794,1,500,0.05,100,ET (+Triton),64,2,0.0,./
0,0.0374610424041748,1,500,0.05,100,ET (+Triton),64,2,0.0,./
0,0.0373709201812744,1,500,0.05,100,ET (+Triton),64,2,0.0,./
0,0.0375447273254394,1,500,0.05,100,ET (+Triton),64,2,0.0,./
0,0.0372505187988281,1,500,0.05,100,ET (+Triton),64,2,0.0,./
0,0.0374863147735595,1,500,0.05,100,ET (+Triton),64,2,0.0,./
0,0.0374031066894531,1,500,0.05,100,ET (+Triton),64,2,0.0,./
0,0.0374703407287597,1,500,0.05,100,ET (+Triton),64,2,0.0,./
0,0.0373721122741699,1,500,0.05,100,ET (+Triton),64,2,0.0,./
0,0.0375363826751709,1,500,0.05,100,ET (+Triton),64,2,0.0,./
0,0.0374057292938232,1,500,0.05,100,ET (+Triton),64,2,0.0,./
0,0.037410020828247,1,500,0.05,100,ET (+Triton),64,2,0.0,./
0,0.0373620986938476,1,500,0.05,100,ET (+Triton),64,2,0.0,./
0,0.0375053882598876,1,500,0.05,100,ET (+Triton),64,2,0.0,./
0,0.0374062061309814,1,500,0.05,100,ET (+Triton),64,2,0.0,./
0,0.037480354309082,1,500,0.05,100,ET (+Triton),64,2,0.0,./
0,0.0373485088348388,1,500,0.05,100,ET (+Triton),64,2,0.0,./
0,0.0375008583068847,1,500,0.05,100,ET (+Triton),64,2,0.0,./
0,0.037322998046875,1,500,0.05,100,ET (+Triton),64,2,0.0,./
0,0.0373308658599853,1,500,0.05,100,ET (+Triton),64,2,0.0,./
0,0.0374290943145751,1,500,0.05,100,ET (+Triton),64,2,0.0,./
0,0.0373759269714355,1,500,0.05,100,ET (+Triton),64,2,0.0,./
0,0.0372707843780517,1,500,0.05,100,ET (+Triton),64,2,0.0,./
0,0.0376050472259521,1,500,0.05,100,ET (+Triton),64,2,0.0,./
0,0.0373849868774414,1,500,0.05,100,ET (+Triton),64,2,0.0,./
0,0.0373711585998535,1,500,0.05,100,ET (+Triton),64,2,0.0,./
0,0.0373399257659912,1,500,0.05,100,ET (+Triton),64,2,0.0,./
0,0.0376675128936767,1,500,0.05,100,ET (+Triton),64,2,0.0,./
0,0.0375218391418457,1,500,0.05,100,ET (+Triton),64,2,0.0,./
0,0.0374302864074707,1,500,0.05,100,ET (+Triton),64,2,0.0,./
0,0.0373790264129638,1,500,0.05,100,ET (+Triton),64,2,0.0,./
0,0.0377075672149658,1,500,0.05,100,ET (+Triton),64,2,0.0,./
0,0.0374598503112793,1,500,0.05,100,ET (+Triton),64,2,0.0,./
0,0.0373287200927734,1,500,0.05,100,ET (+Triton),64,2,0.0,./
0,0.0375151634216308,1,500,0.05,100,ET (+Triton),64,2,0.0,./
0,0.0376088619232177,1,500,0.05,100,ET (+Triton),64,2,0.0,./
0,0.0374772548675537,1,500,0.05,100,ET (+Triton),64,2,0.0,./
0,0.0372862815856933,1,500,0.05,100,ET (+Triton),64,2,0.0,./
0,0.0374894142150878,1,500,0.05,100,ET (+Triton),64,2,0.0,./
0,0.0375564098358154,1,500,0.05,100,ET (+Triton),64,2,0.0,./
0,0.0373206138610839,1,500,0.05,100,ET (+Triton),64,2,0.0,./
0,0.0374708175659179,1,500,0.05,100,ET (+Triton),64,2,0.0,./
0,0.0374946594238281,1,500,0.05,100,ET (+Triton),64,2,0.0,./
0,0.0376980304718017,1,500,0.05,100,ET (+Triton),64,2,0.0,./
0,0.0374059677124023,1,500,0.05,100,ET (+Triton),64,2,0.0,./
0,0.0374114513397216,1,500,0.05,100,ET (+Triton),64,2,0.0,./
0,0.037506103515625,1,500,0.05,100,ET (+Triton),64,2,0.0,./
0,0.0376060009002685,1,500,0.05,100,ET (+Triton),64,2,0.0,./
0,0.037344217300415,1,500,0.05,100,ET (+Triton),64,2,0.0,./
0,0.0374228954315185,1,500,0.05,100,ET (+Triton),64,2,0.0,./
0,0.0374617576599121,1,500,0.05,100,ET (+Triton),64,2,0.0,./
0,0.0375919342041015,1,500,0.05,100,ET (+Triton),64,2,0.0,./
0,0.0373721122741699,1,500,0.05,100,ET (+Triton),64,2,0.0,./
0,0.0373206138610839,1,500,0.05,100,ET (+Triton),64,2,0.0,./
0,0.0374116897583007,1,500,0.05,100,ET (+Triton),64,2,0.0,./
0,0.0376117229461669,1,500,0.05,100,ET (+Triton),64,2,0.0,./
0,0.0373187065124511,1,500,0.05,100,ET (+Triton),64,2,0.0,./
0,0.037524938583374,1,500,0.05,100,ET (+Triton),64,2,0.0,./
0,0.0374903678894043,1,500,0.05,100,ET (+Triton),64,2,0.0,./
0,0.0375998020172119,1,500,0.05,100,ET (+Triton),64,2,0.0,./
0,0.0373065471649169,1,500,0.05,100,ET (+Triton),64,2,0.0,./
0,0.0374965667724609,1,500,0.05,100,ET (+Triton),64,2,0.0,./
0,0.0374829769134521,1,500,0.05,100,ET (+Triton),64,2,0.0,./
0,0.0375382900238037,1,500,0.05,100,ET (+Triton),64,2,0.0,./
0,0.0373151302337646,1,500,0.05,100,ET (+Triton),64,2,0.0,./
0,0.0375516414642334,1,500,0.05,100,ET (+Triton),64,2,0.0,./
0,0.0374596118927001,1,500,0.05,100,ET (+Triton),64,2,0.0,./
0,0.0374987125396728,1,500,0.05,100,ET (+Triton),64,2,0.0,./
0,0.0374097824096679,1,500,0.05,100,ET (+Triton),64,2,0.0,./
0,0.037468671798706,1,500,0.05,100,ET (+Triton),64,2,0.0,./
0,0.0374402999877929,1,500,0.05,100,ET (+Triton),64,2,0.0,./
0,0.0373868942260742,1,500,0.05,100,ET (+Triton),64,2,0.0,./
0,0.0374774932861328,1,500,0.05,100,ET (+Triton),64,2,0.0,./
0,0.0375127792358398,1,500,0.05,100,ET (+Triton),64,2,0.0,./
0,0.0373172760009765,1,500,0.05,100,ET (+Triton),64,2,0.0,./
0,0.0376183986663818,1,500,0.05,100,ET (+Triton),64,2,0.0,./
0,0.0374321937561035,1,500,0.05,100,ET (+Triton),64,2,0.0,./
0,0.0374205112457275,1,500,0.05,100,ET (+Triton),64,2,0.0,./
0,0.0373058319091796,1,500,0.05,100,ET (+Triton),64,2,0.0,./
0,0.0376529693603515,1,500,0.05,100,ET (+Triton),64,2,0.0,./
0,0.0374445915222168,1,500,0.05,100,ET (+Triton),64,2,0.0,./
0,0.037264347076416,1,500,0.05,100,ET (+Triton),64,2,0.0,./
0,0.0375285148620605,1,500,0.05,100,ET (+Triton),64,2,0.0,./
0,0.0376183986663818,1,500,0.05,100,ET (+Triton),64,2,0.0,./
0,0.0373649597167968,1,500,0.05,100,ET (+Triton),64,2,0.0,./
0,0.0375072956085205,1,500,0.05,100,ET (+Triton),64,2,0.0,./
0,0.0616242885589599,1,600,0.05,100,ET (+Triton),64,2,0.0,./
0,0.0617060661315918,1,600,0.05,100,ET (+Triton),64,2,0.0,./
0,0.0614378452301025,1,600,0.05,100,ET (+Triton),64,2,0.0,./
0,0.0617821216583251,1,600,0.05,100,ET (+Triton),64,2,0.0,./
0,0.0615854263305664,1,600,0.05,100,ET (+Triton),64,2,0.0,./
0,0.0618877410888671,1,600,0.05,100,ET (+Triton),64,2,0.0,./
0,0.0615134239196777,1,600,0.05,100,ET (+Triton),64,2,0.0,./
0,0.0619058609008789,1,600,0.05,100,ET (+Triton),64,2,0.0,./
0,0.0612180233001709,1,600,0.05,100,ET (+Triton),64,2,0.0,./
0,0.0617580413818359,1,600,0.05,100,ET (+Triton),64,2,0.0,./
0,0.061553955078125,1,600,0.05,100,ET (+Triton),64,2,0.0,./
0,0.0618703365325927,1,600,0.05,100,ET (+Triton),64,2,0.0,./
0,0.0613906383514404,1,600,0.05,100,ET (+Triton),64,2,0.0,./
0,0.0617775917053222,1,600,0.05,100,ET (+Triton),64,2,0.0,./
0,0.0616509914398193,1,600,0.05,100,ET (+Triton),64,2,0.0,./
0,0.0614652633666992,1,600,0.05,100,ET (+Triton),64,2,0.0,./
0,0.0614404678344726,1,600,0.05,100,ET (+Triton),64,2,0.0,./
0,0.0617842674255371,1,600,0.05,100,ET (+Triton),64,2,0.0,./
0,0.061457872390747,1,600,0.05,100,ET (+Triton),64,2,0.0,./
0,0.0616874694824218,1,600,0.05,100,ET (+Triton),64,2,0.0,./
0,0.0616126060485839,1,600,0.05,100,ET (+Triton),64,2,0.0,./
0,0.0618941783905029,1,600,0.05,100,ET (+Triton),64,2,0.0,./
0,0.0612123012542724,1,600,0.05,100,ET (+Triton),64,2,0.0,./
0,0.0617663860321044,1,600,0.05,100,ET (+Triton),64,2,0.0,./
0,0.0614600181579589,1,600,0.05,100,ET (+Triton),64,2,0.0,./
0,0.0621166229248046,1,600,0.05,100,ET (+Triton),64,2,0.0,./
0,0.0616886615753173,1,600,0.05,100,ET (+Triton),64,2,0.0,./
0,0.0616931915283203,1,600,0.05,100,ET (+Triton),64,2,0.0,./
0,0.0614874362945556,1,600,0.05,100,ET (+Triton),64,2,0.0,./
0,0.0616471767425537,1,600,0.05,100,ET (+Triton),64,2,0.0,./
0,0.061535358428955,1,600,0.05,100,ET (+Triton),64,2,0.0,./
0,0.0618345737457275,1,600,0.05,100,ET (+Triton),64,2,0.0,./
0,0.0614993572235107,1,600,0.05,100,ET (+Triton),64,2,0.0,./
0,0.061692476272583,1,600,0.05,100,ET (+Triton),64,2,0.0,./
0,0.0615084171295166,1,600,0.05,100,ET (+Triton),64,2,0.0,./
0,0.0620331764221191,1,600,0.05,100,ET (+Triton),64,2,0.0,./
0,0.0616428852081298,1,600,0.05,100,ET (+Triton),64,2,0.0,./
0,0.0616898536682128,1,600,0.05,100,ET (+Triton),64,2,0.0,./
0,0.06142258644104,1,600,0.05,100,ET (+Triton),64,2,0.0,./
0,0.0617372989654541,1,600,0.05,100,ET (+Triton),64,2,0.0,./
0,0.0613734722137451,1,600,0.05,100,ET (+Triton),64,2,0.0,./
0,0.0618212223052978,1,600,0.05,100,ET (+Triton),64,2,0.0,./
0,0.0614590644836425,1,600,0.05,100,ET (+Triton),64,2,0.0,./
0,0.0617804527282714,1,600,0.05,100,ET (+Triton),64,2,0.0,./
0,0.0612628459930419,1,600,0.05,100,ET (+Triton),64,2,0.0,./
0,0.0618915557861328,1,600,0.05,100,ET (+Triton),64,2,0.0,./
0,0.0616726875305175,1,600,0.05,100,ET (+Triton),64,2,0.0,./
0,0.0616676807403564,1,600,0.05,100,ET (+Triton),64,2,0.0,./
0,0.0616476535797119,1,600,0.05,100,ET (+Triton),64,2,0.0,./
0,0.0618484020233154,1,600,0.05,100,ET (+Triton),64,2,0.0,./
0,0.0614919662475585,1,600,0.05,100,ET (+Triton),64,2,0.0,./
0,0.0617029666900634,1,600,0.05,100,ET (+Triton),64,2,0.0,./
0,0.0613322257995605,1,600,0.05,100,ET (+Triton),64,2,0.0,./
0,0.0618550777435302,1,600,0.05,100,ET (+Triton),64,2,0.0,./
0,0.0613374710083007,1,600,0.05,100,ET (+Triton),64,2,0.0,./
0,0.0619430541992187,1,600,0.05,100,ET (+Triton),64,2,0.0,./
0,0.0615754127502441,1,600,0.05,100,ET (+Triton),64,2,0.0,./
0,0.061802864074707,1,600,0.05,100,ET (+Triton),64,2,0.0,./
0,0.0614740848541259,1,600,0.05,100,ET (+Triton),64,2,0.0,./
0,0.0616505146026611,1,600,0.05,100,ET (+Triton),64,2,0.0,./
0,0.0616695880889892,1,600,0.05,100,ET (+Triton),64,2,0.0,./
0,0.0618255138397216,1,600,0.05,100,ET (+Triton),64,2,0.0,./
0,0.0613956451416015,1,600,0.05,100,ET (+Triton),64,2,0.0,./
0,0.0620522499084472,1,600,0.05,100,ET (+Triton),64,2,0.0,./
0,0.0616767406463623,1,600,0.05,100,ET (+Triton),64,2,0.0,./
0,0.061772346496582,1,600,0.05,100,ET (+Triton),64,2,0.0,./
0,0.061760663986206,1,600,0.05,100,ET (+Triton),64,2,0.0,./
0,0.0617539882659912,1,600,0.05,100,ET (+Triton),64,2,0.0,./
0,0.061535358428955,1,600,0.05,100,ET (+Triton),64,2,0.0,./
0,0.0617396831512451,1,600,0.05,100,ET (+Triton),64,2,0.0,./
0,0.0617046356201171,1,600,0.05,100,ET (+Triton),64,2,0.0,./
0,0.0620324611663818,1,600,0.05,100,ET (+Triton),64,2,0.0,./
0,0.0612785816192626,1,600,0.05,100,ET (+Triton),64,2,0.0,./
0,0.0618500709533691,1,600,0.05,100,ET (+Triton),64,2,0.0,./
0,0.0615687370300293,1,600,0.05,100,ET (+Triton),64,2,0.0,./
0,0.0619087219238281,1,600,0.05,100,ET (+Triton),64,2,0.0,./
0,0.0614590644836425,1,600,0.05,100,ET (+Triton),64,2,0.0,./
0,0.0617768764495849,1,600,0.05,100,ET (+Triton),64,2,0.0,./
0,0.0616061687469482,1,600,0.05,100,ET (+Triton),64,2,0.0,./
0,0.0616812705993652,1,600,0.05,100,ET (+Triton),64,2,0.0,./
0,0.061704397201538,1,600,0.05,100,ET (+Triton),64,2,0.0,./
0,0.0618605613708496,1,600,0.05,100,ET (+Triton),64,2,0.0,./
0,0.0615112781524658,1,600,0.05,100,ET (+Triton),64,2,0.0,./
0,0.0617885589599609,1,600,0.05,100,ET (+Triton),64,2,0.0,./
0,0.0614750385284423,1,600,0.05,100,ET (+Triton),64,2,0.0,./
0,0.0619370937347412,1,600,0.05,100,ET (+Triton),64,2,0.0,./
0,0.0616564750671386,1,600,0.05,100,ET (+Triton),64,2,0.0,./
0,0.0617964267730712,1,600,0.05,100,ET (+Triton),64,2,0.0,./
0,0.0615646839141845,1,600,0.05,100,ET (+Triton),64,2,0.0,./
0,0.061840534210205,1,600,0.05,100,ET (+Triton),64,2,0.0,./
0,0.061431884765625,1,600,0.05,100,ET (+Triton),64,2,0.0,./
0,0.0619153976440429,1,600,0.05,100,ET (+Triton),64,2,0.0,./
0,0.061739444732666,1,600,0.05,100,ET (+Triton),64,2,0.0,./
0,0.0619332790374755,1,600,0.05,100,ET (+Triton),64,2,0.0,./
0,0.0613837242126464,1,600,0.05,100,ET (+Triton),64,2,0.0,./
0,0.061819314956665,1,600,0.05,100,ET (+Triton),64,2,0.0,./
0,0.0615577697753906,1,600,0.05,100,ET (+Triton),64,2,0.0,./
0,0.0616953372955322,1,600,0.05,100,ET (+Triton),64,2,0.0,./
0,0.0615060329437255,1,600,0.05,100,ET (+Triton),64,2,0.0,./
0,0.061699628829956,1,600,0.05,100,ET (+Triton),64,2,0.0,./
0,0.0978200435638427,1,700,0.05,100,ET (+Triton),64,2,0.0,./
0,0.0977191925048828,1,700,0.05,100,ET (+Triton),64,2,0.0,./
0,0.0981738567352294,1,700,0.05,100,ET (+Triton),64,2,0.0,./
0,0.0977046489715576,1,700,0.05,100,ET (+Triton),64,2,0.0,./
0,0.0984680652618408,1,700,0.05,100,ET (+Triton),64,2,0.0,./
0,0.0976793766021728,1,700,0.05,100,ET (+Triton),64,2,0.0,./
0,0.0980873107910156,1,700,0.05,100,ET (+Triton),64,2,0.0,./
0,0.0977272987365722,1,700,0.05,100,ET (+Triton),64,2,0.0,./
0,0.0980610847473144,1,700,0.05,100,ET (+Triton),64,2,0.0,./
0,0.0977344512939453,1,700,0.05,100,ET (+Triton),64,2,0.0,./
0,0.0981719493865966,1,700,0.05,100,ET (+Triton),64,2,0.0,./
0,0.0977380275726318,1,700,0.05,100,ET (+Triton),64,2,0.0,./
0,0.0979442596435546,1,700,0.05,100,ET (+Triton),64,2,0.0,./
0,0.0978572368621826,1,700,0.05,100,ET (+Triton),64,2,0.0,./
0,0.0979604721069336,1,700,0.05,100,ET (+Triton),64,2,0.0,./
0,0.0980618000030517,1,700,0.05,100,ET (+Triton),64,2,0.0,./
0,0.0977287292480468,1,700,0.05,100,ET (+Triton),64,2,0.0,./
0,0.0981757640838623,1,700,0.05,100,ET (+Triton),64,2,0.0,./
0,0.0977153778076171,1,700,0.05,100,ET (+Triton),64,2,0.0,./
0,0.0979776382446289,1,700,0.05,100,ET (+Triton),64,2,0.0,./
0,0.097930908203125,1,700,0.05,100,ET (+Triton),64,2,0.0,./
0,0.0978045463562011,1,700,0.05,100,ET (+Triton),64,2,0.0,./
0,0.0982484817504882,1,700,0.05,100,ET (+Triton),64,2,0.0,./
0,0.0976696014404296,1,700,0.05,100,ET (+Triton),64,2,0.0,./
0,0.0983359813690185,1,700,0.05,100,ET (+Triton),64,2,0.0,./
0,0.0976569652557373,1,700,0.05,100,ET (+Triton),64,2,0.0,./
0,0.0983352661132812,1,700,0.05,100,ET (+Triton),64,2,0.0,./
0,0.0977647304534912,1,700,0.05,100,ET (+Triton),64,2,0.0,./
0,0.0983669757843017,1,700,0.05,100,ET (+Triton),64,2,0.0,./
0,0.0977230072021484,1,700,0.05,100,ET (+Triton),64,2,0.0,./
0,0.0979585647583007,1,700,0.05,100,ET (+Triton),64,2,0.0,./
0,0.0980823040008544,1,700,0.05,100,ET (+Triton),64,2,0.0,./
0,0.097938060760498,1,700,0.05,100,ET (+Triton),64,2,0.0,./
0,0.0983433723449707,1,700,0.05,100,ET (+Triton),64,2,0.0,./
0,0.0979206562042236,1,700,0.05,100,ET (+Triton),64,2,0.0,./
0,0.0982449054718017,1,700,0.05,100,ET (+Triton),64,2,0.0,./
0,0.097769021987915,1,700,0.05,100,ET (+Triton),64,2,0.0,./
0,0.0984396934509277,1,700,0.05,100,ET (+Triton),64,2,0.0,./
0,0.0979559421539306,1,700,0.05,100,ET (+Triton),64,2,0.0,./
0,0.0979688167572021,1,700,0.05,100,ET (+Triton),64,2,0.0,./
0,0.0981664657592773,1,700,0.05,100,ET (+Triton),64,2,0.0,./
0,0.0979523658752441,1,700,0.05,100,ET (+Triton),64,2,0.0,./
0,0.0985026359558105,1,700,0.05,100,ET (+Triton),64,2,0.0,./
0,0.0978026390075683,1,700,0.05,100,ET (+Triton),64,2,0.0,./
0,0.0984251499176025,1,700,0.05,100,ET (+Triton),64,2,0.0,./
0,0.0977566242218017,1,700,0.05,100,ET (+Triton),64,2,0.0,./
0,0.0983083248138427,1,700,0.05,100,ET (+Triton),64,2,0.0,./
0,0.0977089405059814,1,700,0.05,100,ET (+Triton),64,2,0.0,./
0,0.0982353687286377,1,700,0.05,100,ET (+Triton),64,2,0.0,./
0,0.0977358818054199,1,700,0.05,100,ET (+Triton),64,2,0.0,./
0,0.0982882976531982,1,700,0.05,100,ET (+Triton),64,2,0.0,./
0,0.0982553958892822,1,700,0.05,100,ET (+Triton),64,2,0.0,./
0,0.0978672504425048,1,700,0.05,100,ET (+Triton),64,2,0.0,./
0,0.0983142852783203,1,700,0.05,100,ET (+Triton),64,2,0.0,./
0,0.0981082916259765,1,700,0.05,100,ET (+Triton),64,2,0.0,./
0,0.0982851982116699,1,700,0.05,100,ET (+Triton),64,2,0.0,./
0,0.0978231430053711,1,700,0.05,100,ET (+Triton),64,2,0.0,./
0,0.098360538482666,1,700,0.05,100,ET (+Triton),64,2,0.0,./
0,0.0979599952697753,1,700,0.05,100,ET (+Triton),64,2,0.0,./
0,0.0979712009429931,1,700,0.05,100,ET (+Triton),64,2,0.0,./
0,0.0982906818389892,1,700,0.05,100,ET (+Triton),64,2,0.0,./
0,0.098008394241333,1,700,0.05,100,ET (+Triton),64,2,0.0,./
0,0.0983662605285644,1,700,0.05,100,ET (+Triton),64,2,0.0,./
0,0.097912311553955,1,700,0.05,100,ET (+Triton),64,2,0.0,./
0,0.0984830856323242,1,700,0.05,100,ET (+Triton),64,2,0.0,./
0,0.0977339744567871,1,700,0.05,100,ET (+Triton),64,2,0.0,./
0,0.0984666347503662,1,700,0.05,100,ET (+Triton),64,2,0.0,./
0,0.0978298187255859,1,700,0.05,100,ET (+Triton),64,2,0.0,./
0,0.0983023643493652,1,700,0.05,100,ET (+Triton),64,2,0.0,./
0,0.0978438854217529,1,700,0.05,100,ET (+Triton),64,2,0.0,./
0,0.098283052444458,1,700,0.05,100,ET (+Triton),64,2,0.0,./
0,0.0980243682861328,1,700,0.05,100,ET (+Triton),64,2,0.0,./
0,0.0981295108795166,1,700,0.05,100,ET (+Triton),64,2,0.0,./
0,0.0980978012084961,1,700,0.05,100,ET (+Triton),64,2,0.0,./
0,0.0980660915374755,1,700,0.05,100,ET (+Triton),64,2,0.0,./
0,0.0982122421264648,1,700,0.05,100,ET (+Triton),64,2,0.0,./
0,0.0980219841003418,1,700,0.05,100,ET (+Triton),64,2,0.0,./
0,0.0983016490936279,1,700,0.05,100,ET (+Triton),64,2,0.0,./
0,0.0978431701660156,1,700,0.05,100,ET (+Triton),64,2,0.0,./
0,0.098231554031372,1,700,0.05,100,ET (+Triton),64,2,0.0,./
0,0.097909927368164,1,700,0.05,100,ET (+Triton),64,2,0.0,./
0,0.0978763103485107,1,700,0.05,100,ET (+Triton),64,2,0.0,./
0,0.0981712341308593,1,700,0.05,100,ET (+Triton),64,2,0.0,./
0,0.0982558727264404,1,700,0.05,100,ET (+Triton),64,2,0.0,./
0,0.0980570316314697,1,700,0.05,100,ET (+Triton),64,2,0.0,./
0,0.0978801250457763,1,700,0.05,100,ET (+Triton),64,2,0.0,./
0,0.0984315872192382,1,700,0.05,100,ET (+Triton),64,2,0.0,./
0,0.0978178977966308,1,700,0.05,100,ET (+Triton),64,2,0.0,./
0,0.0983669757843017,1,700,0.05,100,ET (+Triton),64,2,0.0,./
0,0.0978448390960693,1,700,0.05,100,ET (+Triton),64,2,0.0,./
0,0.0983500480651855,1,700,0.05,100,ET (+Triton),64,2,0.0,./
0,0.0979413986206054,1,700,0.05,100,ET (+Triton),64,2,0.0,./
0,0.0980463027954101,1,700,0.05,100,ET (+Triton),64,2,0.0,./
0,0.0984222888946533,1,700,0.05,100,ET (+Triton),64,2,0.0,./
0,0.0979852676391601,1,700,0.05,100,ET (+Triton),64,2,0.0,./
0,0.0983221530914306,1,700,0.05,100,ET (+Triton),64,2,0.0,./
0,0.0978636741638183,1,700,0.05,100,ET (+Triton),64,2,0.0,./
0,0.0982799530029296,1,700,0.05,100,ET (+Triton),64,2,0.0,./
0,0.0979831218719482,1,700,0.05,100,ET (+Triton),64,2,0.0,./
0,0.0979537963867187,1,700,0.05,100,ET (+Triton),64,2,0.0,./
